timestamp,IN2P3-IRES,RAL-LCG2,SARA-MATRIX
2026-03-10T00:00:01,1,0,0
2026-03-10T00:01:01,0,0,0
2026-03-10T00:02:01,0,0,0
2026-03-10T00:03:01,0,0,0
2026-03-10T00:04:01,0,0,0
2026-03-10T00:05:01,61,0,0
2026-03-10T00:06:01,0,0,0
2026-03-10T00:07:01,0,0,0
2026-03-10T00:08:01,0,0,0
2026-03-10T00:09:01,0,0,0
2026-03-10T00:10:01,3,0,0
2026-03-10T00:11:01,0,0,0
2026-03-10T00:12:01,0,0,0
2026-03-10T00:13:01,0,0,0
2026-03-10T00:14:01,0,0,0
2026-03-10T00:15:01,37,0,0
2026-03-10T00:16:01,0,0,0
2026-03-10T00:17:01,0,0,0
2026-03-10T00:18:01,0,0,0
2026-03-10T00:19:01,0,0,0
2026-03-10T00:20:01,78,0,0
2026-03-10T00:21:01,4,0,0
2026-03-10T00:22:01,0,0,0
2026-03-10T00:23:01,0,0,0
2026-03-10T00:24:01,0,0,0
2026-03-10T00:25:01,97,0,0
2026-03-10T00:26:01,172,0,0
2026-03-10T00:27:01,0,0,0
2026-03-10T00:28:01,0,0,0
2026-03-10T00:29:01,0,0,0
2026-03-10T00:30:01,87,0,0
2026-03-10T00:31:01,225,0,0
2026-03-10T00:32:01,10,0,0
2026-03-10T00:33:01,0,0,0
2026-03-10T00:34:01,0,0,0
2026-03-10T00:35:01,83,0,0
2026-03-10T00:36:01,86,0,0
2026-03-10T00:37:01,0,0,0
2026-03-10T00:38:01,0,0,0
2026-03-10T00:39:01,0,0,0
2026-03-10T00:40:01,92,0,0
2026-03-10T00:41:01,41,0,0
2026-03-10T00:42:01,1,0,0
2026-03-10T00:43:01,0,0,0
2026-03-10T00:44:01,0,0,0
2026-03-10T00:45:01,89,0,0
2026-03-10T00:46:01,65,177,0
2026-03-10T00:47:01,19,75,0
2026-03-10T00:48:01,0,0,0
2026-03-10T00:49:01,0,0,0
2026-03-10T00:50:01,80,8,0
2026-03-10T00:51:01,24,176,0
2026-03-10T00:52:01,5,0,0
2026-03-10T00:53:01,0,0,0
2026-03-10T00:54:01,0,0,0
2026-03-10T00:55:01,53,36,0
2026-03-10T00:56:01,20,160,0
2026-03-10T00:57:01,1,0,0
2026-03-10T00:58:01,14,0,0
2026-03-10T00:59:01,16,5,0
2026-03-10T01:00:01,6,102,0
2026-03-10T01:01:01,7,41,211
2026-03-10T01:02:01,7,18,20
2026-03-10T01:03:01,2,23,1
2026-03-10T01:04:01,6,18,4
2026-03-10T01:05:01,10,7,103
2026-03-10T01:06:01,6,3,223
2026-03-10T01:07:01,3,11,23
2026-03-10T01:08:01,8,14,7
2026-03-10T01:09:01,3,7,17
2026-03-10T01:10:01,2,5,116
2026-03-10T01:11:01,5,1,192
2026-03-10T01:12:01,1,5,64
2026-03-10T01:13:01,5,7,15
2026-03-10T01:14:01,3,4,19
2026-03-10T01:15:01,6,4,95
2026-03-10T01:16:01,3,3,179
2026-03-10T01:17:01,4,10,101
2026-03-10T01:18:01,7,11,140
2026-03-10T01:19:01,13,0,0
2026-03-10T01:20:01,16,33,56
2026-03-10T01:21:01,13,19,36
2026-03-10T01:22:01,13,1,0
2026-03-10T01:23:01,10,3,0
2026-03-10T01:24:01,13,0,0
2026-03-10T01:25:01,16,41,46
2026-03-10T01:26:01,25,26,99
2026-03-10T01:27:01,9,0,0
2026-03-10T01:28:01,0,0,0
2026-03-10T01:29:01,0,0,0
2026-03-10T01:30:01,84,9,0
2026-03-10T01:31:01,17,42,180
2026-03-10T01:32:01,7,0,0
2026-03-10T01:33:01,0,0,0
2026-03-10T01:34:01,25,0,0
2026-03-10T01:35:01,49,38,23
2026-03-10T01:36:01,43,9,250
2026-03-10T01:37:01,32,8,94
2026-03-10T01:38:01,16,10,34
2026-03-10T01:39:01,22,6,0
2026-03-10T01:40:01,19,17,82
2026-03-10T01:41:01,37,12,99
2026-03-10T01:42:01,21,5,2
2026-03-10T01:43:01,21,6,0
2026-03-10T01:44:01,17,12,0
2026-03-10T01:45:01,24,5,89
2026-03-10T01:46:01,17,7,68
2026-03-10T01:47:01,17,7,26
2026-03-10T01:48:01,17,6,33
2026-03-10T01:49:01,14,7,44
2026-03-10T01:50:01,9,4,55
2026-03-10T01:51:01,6,2,51
2026-03-10T01:52:01,7,5,35
2026-03-10T01:53:01,4,4,21
2026-03-10T01:54:01,4,3,29
2026-03-10T01:55:01,7,2,16
2026-03-10T01:56:01,1,1,28
2026-03-10T01:57:01,3,0,25
2026-03-10T01:58:01,8,1,33
2026-03-10T01:59:01,7,2,28
2026-03-10T02:00:01,5,3,30
2026-03-10T02:01:01,5,4,37
2026-03-10T02:02:01,5,5,40
2026-03-10T02:03:01,10,5,46
2026-03-10T02:04:01,9,5,45
2026-03-10T02:05:01,12,5,45
2026-03-10T02:06:01,10,3,56
2026-03-10T02:07:01,11,5,55
2026-03-10T02:08:01,7,2,26
2026-03-10T02:09:01,2,2,11
2026-03-10T02:10:01,1,2,22
2026-03-10T02:11:01,1,4,23
2026-03-10T02:12:01,3,2,9
2026-03-10T02:13:01,5,4,15
2026-03-10T02:14:01,3,5,12
2026-03-10T02:15:01,4,2,10
2026-03-10T02:16:01,6,4,9
2026-03-10T02:17:01,4,3,9
2026-03-10T02:18:01,6,1,11
2026-03-10T02:19:01,11,1,14
2026-03-10T02:20:01,6,5,7
2026-03-10T02:21:01,10,1,10
2026-03-10T02:22:01,5,1,7
2026-03-10T02:23:01,4,2,7
2026-03-10T02:24:01,0,1,3
2026-03-10T02:25:01,3,1,4
2026-03-10T02:26:01,5,1,5
2026-03-10T02:27:01,3,1,6
2026-03-10T02:28:01,5,5,5
2026-03-10T02:29:01,2,1,8
2026-03-10T02:30:01,1,1,9
2026-03-10T02:31:01,0,0,8
2026-03-10T02:32:01,3,0,16
2026-03-10T02:33:01,2,0,5
2026-03-10T02:34:01,7,1,16
2026-03-10T02:35:01,6,2,12
2026-03-10T02:36:01,3,1,15
2026-03-10T02:37:01,3,2,13
2026-03-10T02:38:01,0,0,15
2026-03-10T02:39:01,4,2,14
2026-03-10T02:40:01,5,3,12
2026-03-10T02:41:01,2,2,15
2026-03-10T02:42:01,4,3,9
2026-03-10T02:43:01,3,2,20
2026-03-10T02:44:01,2,3,21
2026-03-10T02:45:01,4,1,17
2026-03-10T02:46:01,3,0,17
2026-03-10T02:47:01,7,0,19
2026-03-10T02:48:01,9,3,13
2026-03-10T02:49:01,4,3,14
2026-03-10T02:50:01,5,1,17
2026-03-10T02:51:01,3,1,8
2026-03-10T02:52:01,8,1,14
2026-03-10T02:53:01,9,3,10
2026-03-10T02:54:01,5,2,9
2026-03-10T02:55:01,5,1,9
2026-03-10T02:56:01,6,2,4
2026-03-10T02:57:01,3,1,5
2026-03-10T02:58:01,3,5,7
2026-03-10T02:59:01,7,1,7
2026-03-10T03:00:01,4,1,13
2026-03-10T03:01:01,3,3,12
2026-03-10T03:02:01,10,2,15
2026-03-10T03:03:01,2,0,17
2026-03-10T03:04:01,9,3,15
2026-03-10T03:05:01,7,3,15
2026-03-10T03:06:01,3,4,15
2026-03-10T03:07:01,5,1,14
2026-03-10T03:08:01,2,3,19
2026-03-10T03:09:01,7,2,22
2026-03-10T03:10:01,4,3,17
2026-03-10T03:11:01,6,2,19
2026-03-10T03:12:01,6,3,14
2026-03-10T03:13:01,8,1,28
2026-03-10T03:14:01,6,3,20
2026-03-10T03:15:01,5,4,18
2026-03-10T03:16:01,11,6,18
2026-03-10T03:17:01,7,4,26
2026-03-10T03:18:01,9,3,21
2026-03-10T03:19:01,5,5,21
2026-03-10T03:20:01,6,2,17
2026-03-10T03:21:01,9,4,21
2026-03-10T03:22:01,10,5,23
2026-03-10T03:23:01,10,2,14
2026-03-10T03:24:01,8,2,17
2026-03-10T03:25:01,9,1,20
2026-03-10T03:26:01,10,3,29
2026-03-10T03:27:01,6,2,24
2026-03-10T03:28:01,6,4,41
2026-03-10T03:29:01,12,4,37
2026-03-10T03:30:01,9,3,37
2026-03-10T03:31:01,5,7,39
2026-03-10T03:32:01,10,6,36
2026-03-10T03:33:01,16,6,45
2026-03-10T03:34:01,16,8,40
2026-03-10T03:35:01,13,2,46
2026-03-10T03:36:01,15,8,44
2026-03-10T03:37:01,20,8,44
2026-03-10T03:38:01,16,3,63
2026-03-10T03:39:01,20,8,40
2026-03-10T03:40:01,15,8,50
2026-03-10T03:41:01,17,7,57
2026-03-10T03:42:01,18,3,60
2026-03-10T03:43:01,26,8,62
2026-03-10T03:44:01,20,6,52
2026-03-10T03:45:01,16,7,63
2026-03-10T03:46:01,18,5,58
2026-03-10T03:47:01,22,11,67
2026-03-10T03:48:01,17,8,66
2026-03-10T03:49:01,26,11,67
2026-03-10T03:50:01,21,7,66
2026-03-10T03:51:01,18,9,67
2026-03-10T03:52:01,28,15,86
2026-03-10T03:53:01,20,9,83
2026-03-10T03:54:01,29,8,76
2026-03-10T03:55:01,34,10,82
2026-03-10T03:56:01,27,10,105
2026-03-10T03:57:01,27,16,84
2026-03-10T03:58:01,25,14,101
2026-03-10T03:59:01,31,12,90
2026-03-10T04:00:01,32,16,104
2026-03-10T04:01:01,23,17,87
2026-03-10T04:02:01,21,9,100
2026-03-10T04:03:01,41,18,93
2026-03-10T04:04:01,31,11,94
2026-03-10T04:05:01,31,16,101
2026-03-10T04:06:01,20,17,102
2026-03-10T04:07:01,40,19,124
2026-03-10T04:08:01,31,16,105
2026-03-10T04:09:01,29,17,104
2026-03-10T04:10:01,33,17,125
2026-03-10T04:11:01,46,17,127
2026-03-10T04:12:01,39,23,80
2026-03-10T04:13:01,38,16,77
2026-03-10T04:14:01,27,9,26
2026-03-10T04:15:01,11,8,8
2026-03-10T04:16:01,12,6,14
2026-03-10T04:17:01,11,12,17
2026-03-10T04:18:01,9,5,16
2026-03-10T04:19:01,13,7,15
2026-03-10T04:20:01,8,6,16
2026-03-10T04:21:01,7,5,21
2026-03-10T04:22:01,4,4,24
2026-03-10T04:23:01,9,3,32
2026-03-10T04:24:01,4,3,26
2026-03-10T04:25:01,8,5,37
2026-03-10T04:26:01,13,5,42
2026-03-10T04:27:01,11,11,43
2026-03-10T04:28:01,20,10,40
2026-03-10T04:29:01,11,10,19
2026-03-10T04:30:01,17,4,31
2026-03-10T04:31:01,13,13,43
2026-03-10T04:32:01,14,8,31
2026-03-10T04:33:01,19,8,41
2026-03-10T04:34:01,17,8,70
2026-03-10T04:35:01,26,19,49
2026-03-10T04:36:01,21,17,47
2026-03-10T04:37:01,22,8,72
2026-03-10T04:38:01,19,11,99
2026-03-10T04:39:01,30,27,66
2026-03-10T04:40:01,26,17,38
2026-03-10T04:41:01,23,11,92
2026-03-10T04:42:01,16,12,98
2026-03-10T04:43:01,33,33,93
2026-03-10T04:44:01,30,25,106
2026-03-10T04:45:01,27,24,57
2026-03-10T04:46:01,20,12,69
2026-03-10T04:47:01,31,17,73
2026-03-10T04:48:01,25,20,103
2026-03-10T04:49:01,15,20,94
2026-03-10T04:50:01,16,29,104
2026-03-10T04:51:01,26,26,105
2026-03-10T04:52:01,36,37,120
2026-03-10T04:53:01,34,26,110
2026-03-10T04:54:01,32,30,105
2026-03-10T04:55:01,26,32,133
2026-03-10T04:56:01,30,26,98
2026-03-10T04:57:01,32,31,99
2026-03-10T04:58:01,31,29,97
2026-03-10T04:59:01,36,33,101
2026-03-10T05:00:01,30,32,98
2026-03-10T05:01:01,27,22,93
2026-03-10T05:02:01,22,29,97
2026-03-10T05:03:01,28,35,85
2026-03-10T05:04:01,28,32,112
2026-03-10T05:05:01,31,37,120
2026-03-10T05:06:01,45,41,122
2026-03-10T05:07:01,34,42,120
2026-03-10T05:08:01,59,60,118
2026-03-10T05:09:01,65,71,126
2026-03-10T05:10:01,73,68,133
2026-03-10T05:11:01,39,40,148
2026-03-10T05:12:01,42,61,140
2026-03-10T05:13:01,44,36,67
2026-03-10T05:14:01,24,30,87
2026-03-10T05:15:01,54,56,138
2026-03-10T05:16:01,65,69,161
2026-03-10T05:17:01,63,64,101
2026-03-10T05:18:01,49,70,124
2026-03-10T05:19:01,60,79,159
2026-03-10T05:20:01,62,90,202
2026-03-10T05:21:01,75,95,212
2026-03-10T05:22:01,82,110,209
2026-03-10T05:23:01,84,103,159
2026-03-10T05:24:01,48,65,140
2026-03-10T05:25:01,43,68,89
2026-03-10T05:26:01,31,35,57
2026-03-10T05:27:01,26,39,50
2026-03-10T05:28:01,21,33,35
2026-03-10T05:29:01,14,31,64
2026-03-10T05:30:01,16,27,76
2026-03-10T05:31:01,20,31,56
2026-03-10T05:32:01,22,29,71
2026-03-10T05:33:01,22,29,69
2026-03-10T05:34:01,24,29,62
2026-03-10T05:35:01,23,38,51
2026-03-10T05:36:01,20,29,69
2026-03-10T05:37:01,26,32,76
2026-03-10T05:38:01,22,36,31
2026-03-10T05:39:01,28,35,28
2026-03-10T05:40:01,25,17,48
2026-03-10T05:41:01,25,27,62
2026-03-10T05:42:01,16,11,22
2026-03-10T05:43:01,20,16,31
2026-03-10T05:44:01,12,17,35
2026-03-10T05:45:01,17,19,24
2026-03-10T05:46:01,8,9,17
2026-03-10T05:47:01,11,13,16
2026-03-10T05:48:01,11,9,19
2026-03-10T05:49:01,9,6,15
2026-03-10T05:50:01,8,12,14
2026-03-10T05:51:01,7,10,27
2026-03-10T05:52:01,7,16,29
2026-03-10T05:53:01,16,26,55
2026-03-10T05:54:01,14,16,66
2026-03-10T05:55:01,25,33,66
2026-03-10T05:56:01,24,25,51
2026-03-10T05:57:01,22,40,56
2026-03-10T05:58:01,18,25,44
2026-03-10T05:59:01,27,20,50
2026-03-10T06:00:01,18,20,54
2026-03-10T06:01:01,28,31,69
2026-03-10T06:02:01,24,27,51
2026-03-10T06:03:01,21,21,33
2026-03-10T06:04:01,12,17,26
2026-03-10T06:05:01,15,18,36
2026-03-10T06:06:01,18,10,34
2026-03-10T06:07:01,16,8,34
2026-03-10T06:08:01,7,18,32
2026-03-10T06:09:01,10,18,55
2026-03-10T06:10:01,20,42,53
2026-03-10T06:11:01,9,23,34
2026-03-10T06:12:01,15,22,28
2026-03-10T06:13:01,21,32,36
2026-03-10T06:14:01,18,52,65
2026-03-10T06:15:01,15,53,66
2026-03-10T06:16:01,30,43,36
2026-03-10T06:17:01,26,36,25
2026-03-10T06:18:01,13,17,13
2026-03-10T06:19:01,10,16,30
2026-03-10T06:20:01,25,28,24
2026-03-10T06:21:01,23,28,15
2026-03-10T06:22:01,15,16,16
2026-03-10T06:23:01,12,20,27
2026-03-10T06:24:01,8,17,21
2026-03-10T06:25:01,19,32,27
2026-03-10T06:26:01,20,18,13
2026-03-10T06:27:01,9,25,14
2026-03-10T06:28:01,9,29,7
2026-03-10T06:29:01,12,13,15
2026-03-10T06:30:01,17,14,24
2026-03-10T06:31:01,14,14,24
2026-03-10T06:32:01,14,19,26
2026-03-10T06:33:01,8,28,33
2026-03-10T06:34:01,15,31,28
2026-03-10T06:35:01,14,18,29
2026-03-10T06:36:01,19,30,43
2026-03-10T06:37:01,22,36,53
2026-03-10T06:38:01,27,35,34
2026-03-10T06:39:01,15,22,51
2026-03-10T06:40:01,7,33,44
2026-03-10T06:41:01,22,39,50
2026-03-10T06:42:01,30,40,48
2026-03-10T06:43:01,25,36,39
2026-03-10T06:44:01,19,43,40
2026-03-10T06:45:01,18,29,44
2026-03-10T06:46:01,18,31,50
2026-03-10T06:47:01,27,40,60
2026-03-10T06:48:01,19,49,62
2026-03-10T06:49:01,36,38,49
2026-03-10T06:50:01,25,35,62
2026-03-10T06:51:01,26,38,57
2026-03-10T06:52:01,19,40,61
2026-03-10T06:53:01,33,44,50
2026-03-10T06:54:01,28,52,55
2026-03-10T06:55:01,37,42,54
2026-03-10T06:56:01,30,43,57
2026-03-10T06:57:01,32,55,82
2026-03-10T06:58:01,39,63,83
2026-03-10T06:59:01,45,69,84
2026-03-10T07:00:01,24,61,44
2026-03-10T07:01:01,43,42,57
2026-03-10T07:02:01,32,37,47
2026-03-10T07:03:01,38,45,53
2026-03-10T07:04:01,22,39,50
2026-03-10T07:05:01,26,49,63
2026-03-10T07:06:01,36,43,63
2026-03-10T07:07:01,40,46,50
2026-03-10T07:08:01,37,32,70
2026-03-10T07:09:01,33,56,91
2026-03-10T07:10:01,62,89,116
2026-03-10T07:11:01,53,109,166
2026-03-10T07:12:01,82,70,68
2026-03-10T07:13:01,52,62,60
2026-03-10T07:14:01,47,75,77
2026-03-10T07:15:01,53,93,98
2026-03-10T07:16:01,41,75,62
2026-03-10T07:17:01,46,43,30
2026-03-10T07:18:01,29,38,14
2026-03-10T07:19:01,21,24,23
2026-03-10T07:20:01,17,21,20
2026-03-10T07:21:01,14,12,43
2026-03-10T07:22:01,12,16,62
2026-03-10T07:23:01,14,32,86
2026-03-10T07:24:01,22,53,79
2026-03-10T07:25:01,18,46,66
2026-03-10T07:26:01,27,48,43
2026-03-10T07:27:01,31,61,30
2026-03-10T07:28:01,30,45,36
2026-03-10T07:29:01,34,39,32
2026-03-10T07:30:01,38,43,38
2026-03-10T07:31:01,32,55,61
2026-03-10T07:32:01,47,63,61
2026-03-10T07:33:01,37,48,54
2026-03-10T07:34:01,30,39,37
2026-03-10T07:35:01,23,41,38
2026-03-10T07:36:01,35,50,29
2026-03-10T07:37:01,31,33,30
2026-03-10T07:38:01,22,34,25
2026-03-10T07:39:01,23,24,16
2026-03-10T07:40:01,26,18,28
2026-03-10T07:41:01,15,23,24
2026-03-10T07:42:01,17,23,28
2026-03-10T07:43:01,12,17,31
2026-03-10T07:44:01,24,24,23
2026-03-10T07:45:01,26,30,32
2026-03-10T07:46:01,15,28,31
2026-03-10T07:47:01,26,31,42
2026-03-10T07:48:01,23,29,41
2026-03-10T07:49:01,21,36,33
2026-03-10T07:50:01,18,28,39
2026-03-10T07:51:01,24,34,30
2026-03-10T07:52:01,17,28,30
2026-03-10T07:53:01,23,25,27
2026-03-10T07:54:01,23,25,28
2026-03-10T07:55:01,25,23,38
2026-03-10T07:56:01,28,26,41
2026-03-10T07:57:01,16,32,46
2026-03-10T07:58:01,28,30,55
2026-03-10T07:59:01,25,50,57
2026-03-10T08:00:01,0,0,0
2026-03-10T08:01:01,0,0,0
2026-03-10T08:02:01,0,0,0
2026-03-10T08:03:01,0,0,0
2026-03-10T08:04:01,0,0,0
2026-03-10T08:05:01,0,0,0
2026-03-10T08:06:01,0,0,0
2026-03-10T08:07:01,0,0,0
2026-03-10T08:08:01,0,0,0
2026-03-10T08:09:01,0,0,0
2026-03-10T08:10:01,0,0,0
2026-03-10T08:11:01,0,0,0
2026-03-10T08:12:01,0,0,0
2026-03-10T08:13:01,0,0,0
2026-03-10T08:14:01,0,0,0
2026-03-10T08:15:01,0,0,0
2026-03-10T08:16:01,0,0,0
2026-03-10T08:17:01,0,0,0
2026-03-10T08:18:01,0,0,0
2026-03-10T08:19:01,0,0,0
2026-03-10T08:20:01,0,0,0
2026-03-10T08:21:01,0,0,0
2026-03-10T08:22:01,0,0,0
2026-03-10T08:23:01,0,0,0
2026-03-10T08:24:01,0,0,0
2026-03-10T08:25:01,0,0,0
2026-03-10T08:26:01,0,0,0
2026-03-10T08:27:01,0,0,0
2026-03-10T08:28:01,0,0,0
2026-03-10T08:29:01,0,0,0
2026-03-10T08:30:01,0,0,0
2026-03-10T08:31:01,0,0,0
2026-03-10T08:32:01,0,0,0
2026-03-10T08:33:01,0,0,0
2026-03-10T08:34:01,0,0,0
2026-03-10T08:35:01,0,0,0
2026-03-10T08:36:01,0,0,0
2026-03-10T08:37:01,0,0,0
2026-03-10T08:38:01,0,0,0
2026-03-10T08:39:01,0,0,0
2026-03-10T08:40:01,0,0,0
2026-03-10T08:41:01,0,0,0
2026-03-10T08:42:01,0,0,0
2026-03-10T08:43:01,0,0,0
2026-03-10T08:44:01,0,0,0
2026-03-10T08:45:01,0,0,0
2026-03-10T08:46:01,0,0,0
2026-03-10T08:47:01,0,0,0
2026-03-10T08:48:01,0,0,0
2026-03-10T08:49:01,0,0,0
2026-03-10T08:50:01,0,0,0
2026-03-10T08:51:01,0,0,0
2026-03-10T08:52:01,0,0,0
2026-03-10T08:53:01,0,0,0
2026-03-10T08:54:01,0,0,0
2026-03-10T08:55:01,0,0,0
2026-03-10T08:56:01,0,0,0
2026-03-10T08:57:01,0,0,0
2026-03-10T08:58:01,0,0,0
2026-03-10T08:59:01,0,0,0
2026-03-10T09:00:01,0,0,0
2026-03-10T09:01:01,0,0,0
2026-03-10T09:02:01,0,0,0
2026-03-10T09:03:01,0,0,0
2026-03-10T09:04:01,0,0,0
2026-03-10T09:05:01,0,0,0
2026-03-10T09:06:01,0,0,0
2026-03-10T09:07:01,0,0,0
2026-03-10T09:08:01,0,0,0
2026-03-10T09:09:01,0,0,0
2026-03-10T09:10:01,0,0,0
2026-03-10T09:11:01,0,0,0
2026-03-10T09:12:01,0,0,0
2026-03-10T09:13:01,0,0,0
2026-03-10T09:14:01,0,0,0
2026-03-10T09:15:01,0,0,0
2026-03-10T09:16:01,0,0,0
2026-03-10T09:17:01,0,0,0
2026-03-10T09:18:01,0,0,0
2026-03-10T09:19:01,0,0,0
2026-03-10T09:20:01,0,0,0
2026-03-10T09:21:01,0,0,0
2026-03-10T09:22:01,0,0,0
2026-03-10T09:23:01,0,0,0
2026-03-10T09:24:01,0,0,0
2026-03-10T09:25:01,0,0,0
2026-03-10T09:26:01,0,0,0
2026-03-10T09:27:01,0,0,0
2026-03-10T09:28:01,0,0,0
2026-03-10T09:29:01,0,0,0
2026-03-10T09:30:01,0,0,0
2026-03-10T09:31:01,0,0,0
2026-03-10T09:32:01,0,0,0
2026-03-10T09:33:01,0,0,0
2026-03-10T09:34:01,0,0,0
2026-03-10T09:35:01,0,0,0
2026-03-10T09:36:01,0,0,0
2026-03-10T09:37:01,0,0,0
2026-03-10T09:38:01,0,0,0
2026-03-10T09:39:01,0,0,0
2026-03-10T09:40:01,0,0,0
2026-03-10T09:41:01,0,0,0
2026-03-10T09:42:01,0,0,0
2026-03-10T09:43:01,0,0,0
2026-03-10T09:44:01,0,0,0
2026-03-10T09:45:01,0,0,0
2026-03-10T09:46:01,0,0,0
2026-03-10T09:47:01,0,0,0
2026-03-10T09:48:01,0,0,0
2026-03-10T09:49:01,0,0,0
2026-03-10T09:50:01,0,0,0
2026-03-10T09:51:01,0,0,0
2026-03-10T09:52:01,0,0,0
2026-03-10T09:53:01,0,0,0
2026-03-10T09:54:01,0,0,0
2026-03-10T09:55:01,0,0,0
2026-03-10T09:56:01,0,0,0
2026-03-10T09:57:01,0,0,0
2026-03-10T09:58:01,0,0,0
2026-03-10T09:59:01,0,0,0
2026-03-10T10:00:01,0,0,0
2026-03-10T10:01:01,0,0,0
2026-03-10T10:02:01,0,0,0
2026-03-10T10:03:01,0,0,0
2026-03-10T10:04:01,0,0,0
2026-03-10T10:05:01,0,0,0
2026-03-10T10:06:01,0,0,0
2026-03-10T10:07:01,0,0,0
2026-03-10T10:08:01,0,0,0
2026-03-10T10:09:01,0,0,0
2026-03-10T10:10:01,0,0,0
2026-03-10T10:11:01,0,0,0
2026-03-10T10:12:01,0,0,0
2026-03-10T10:13:01,0,0,0
2026-03-10T10:14:01,0,0,0
2026-03-10T10:15:01,0,0,0
2026-03-10T10:16:01,0,0,0
2026-03-10T10:17:01,0,0,0
2026-03-10T10:18:01,0,0,0
2026-03-10T10:19:01,0,0,0
2026-03-10T10:20:01,0,0,0
2026-03-10T10:21:01,0,0,0
2026-03-10T10:22:01,0,0,0
2026-03-10T10:23:01,0,0,0
2026-03-10T10:24:01,0,0,0
2026-03-10T10:25:01,0,0,0
2026-03-10T10:26:01,0,0,0
2026-03-10T10:27:01,0,0,0
2026-03-10T10:28:01,0,0,0
2026-03-10T10:29:01,0,0,0
2026-03-10T10:30:01,0,0,0
2026-03-10T10:31:01,0,0,0
2026-03-10T10:32:01,0,0,0
2026-03-10T10:33:01,0,0,0
2026-03-10T10:34:01,0,0,0
2026-03-10T10:35:01,0,0,0
2026-03-10T10:36:01,0,0,0
2026-03-10T10:37:01,0,0,0
2026-03-10T10:38:01,0,0,0
2026-03-10T10:39:01,0,0,0
2026-03-10T10:40:01,0,0,0
2026-03-10T10:41:01,0,0,0
2026-03-10T10:42:01,0,0,0
2026-03-10T10:43:01,0,0,0
2026-03-10T10:44:01,0,0,0
2026-03-10T10:45:01,0,0,0
2026-03-10T10:46:01,0,0,0
2026-03-10T10:47:01,0,0,0
2026-03-10T10:48:01,0,0,0
2026-03-10T10:49:01,0,0,0
2026-03-10T10:50:01,0,0,0
2026-03-10T10:51:01,0,0,0
2026-03-10T10:52:01,0,0,0
2026-03-10T10:53:01,0,0,0
2026-03-10T10:54:01,0,0,0
2026-03-10T10:55:01,0,0,0
2026-03-10T10:56:01,0,0,0
2026-03-10T10:57:01,0,0,0
2026-03-10T10:58:01,0,0,0
2026-03-10T10:59:01,0,0,0
2026-03-10T11:00:01,0,0,0
2026-03-10T11:01:01,0,0,0
2026-03-10T11:02:01,0,0,0
2026-03-10T11:03:01,0,0,0
2026-03-10T11:04:01,0,0,0
2026-03-10T11:05:01,0,0,0
2026-03-10T11:06:01,0,0,0
2026-03-10T11:07:01,0,0,0
2026-03-10T11:08:01,0,0,0
2026-03-10T11:09:01,0,0,0
2026-03-10T11:10:01,0,0,0
2026-03-10T11:11:01,0,0,0
2026-03-10T11:12:01,0,0,0
2026-03-10T11:13:01,0,0,0
2026-03-10T11:14:01,0,0,0
2026-03-10T11:15:01,0,0,0
2026-03-10T11:16:01,0,0,0
2026-03-10T11:17:01,0,0,0
2026-03-10T11:18:01,0,0,0
2026-03-10T11:19:01,0,0,0
2026-03-10T11:20:01,0,0,0
2026-03-10T11:21:01,0,0,0
2026-03-10T11:22:01,0,0,0
2026-03-10T11:23:01,0,0,0
2026-03-10T11:24:01,0,0,0
2026-03-10T11:25:01,0,0,0
2026-03-10T11:26:01,0,0,0
2026-03-10T11:27:01,0,0,0
2026-03-10T11:28:01,0,0,0
2026-03-10T11:29:01,0,0,0
2026-03-10T11:30:01,0,0,0
2026-03-10T11:31:01,0,0,0
2026-03-10T11:32:01,0,0,0
2026-03-10T11:33:01,0,0,0
2026-03-10T11:34:01,0,0,0
2026-03-10T11:35:01,0,0,0
2026-03-10T11:36:01,0,0,0
2026-03-10T11:37:01,0,0,0
2026-03-10T11:38:01,0,0,0
2026-03-10T11:39:01,0,0,0
2026-03-10T11:40:01,0,0,0
2026-03-10T11:41:01,0,0,0
2026-03-10T11:42:01,0,0,0
2026-03-10T11:43:01,0,0,0
2026-03-10T11:44:01,0,0,0
2026-03-10T11:45:01,0,0,0
2026-03-10T11:46:01,0,0,0
2026-03-10T11:47:01,0,0,0
2026-03-10T11:48:01,0,0,0
2026-03-10T11:49:01,0,0,0
2026-03-10T11:50:01,0,0,0
2026-03-10T11:51:01,0,0,0
2026-03-10T11:52:01,0,0,0
2026-03-10T11:53:01,0,0,0
2026-03-10T11:54:01,0,0,0
2026-03-10T11:55:01,0,0,0
2026-03-10T11:56:01,0,0,0
2026-03-10T11:57:01,0,0,0
2026-03-10T11:58:01,0,0,0
2026-03-10T11:59:01,0,0,0
2026-03-10T12:00:01,0,0,0
2026-03-10T12:01:01,0,0,0
2026-03-10T12:02:01,0,0,0
2026-03-10T12:03:01,0,0,0
2026-03-10T12:04:01,0,0,0
2026-03-10T12:05:01,0,0,0
2026-03-10T12:06:01,0,0,0
2026-03-10T12:07:01,0,0,0
2026-03-10T12:08:01,0,0,0
2026-03-10T12:09:01,0,0,0
2026-03-10T12:10:01,0,0,0
2026-03-10T12:11:01,0,0,0
2026-03-10T12:12:01,0,0,0
2026-03-10T12:13:01,0,0,0
2026-03-10T12:14:01,0,0,0
2026-03-10T12:15:01,0,0,0
2026-03-10T12:16:01,0,0,0
2026-03-10T12:17:01,0,0,0
2026-03-10T12:18:01,0,0,0
2026-03-10T12:19:01,0,0,0
2026-03-10T12:20:01,0,0,0
2026-03-10T12:21:01,0,0,0
2026-03-10T12:22:01,0,0,0
2026-03-10T12:23:01,0,0,0
2026-03-10T12:24:01,0,0,0
2026-03-10T12:25:01,0,0,0
2026-03-10T12:26:01,0,0,0
2026-03-10T12:27:01,0,0,0
2026-03-10T12:28:01,0,0,0
2026-03-10T12:29:01,0,0,0
2026-03-10T12:30:01,0,0,0
2026-03-10T12:31:01,0,0,0
2026-03-10T12:32:01,0,0,0
2026-03-10T12:33:01,0,0,0
2026-03-10T12:34:01,0,0,0
2026-03-10T12:35:01,0,0,0
2026-03-10T12:36:01,0,0,0
2026-03-10T12:37:01,0,0,0
2026-03-10T12:38:01,0,0,0
2026-03-10T12:39:01,0,0,0
2026-03-10T12:40:01,0,0,0
2026-03-10T12:41:01,0,0,0
2026-03-10T12:42:01,0,0,0
2026-03-10T12:43:01,0,0,0
2026-03-10T12:44:01,0,0,0
2026-03-10T12:45:01,0,0,0
2026-03-10T12:46:01,0,0,0
2026-03-10T12:47:01,0,0,0
2026-03-10T12:48:01,0,0,0
2026-03-10T12:49:01,0,0,0
2026-03-10T12:50:01,0,0,0
2026-03-10T12:51:01,0,0,0
2026-03-10T12:52:01,0,0,0
2026-03-10T12:53:01,0,0,0
2026-03-10T12:54:01,0,0,0
2026-03-10T12:55:01,0,0,0
2026-03-10T12:56:01,0,0,0
2026-03-10T12:57:01,0,0,0
2026-03-10T12:58:01,0,0,0
2026-03-10T12:59:01,0,0,0
2026-03-10T13:00:01,0,0,0
2026-03-10T13:01:01,0,0,0
2026-03-10T13:02:01,0,0,0
2026-03-10T13:03:01,0,0,0
2026-03-10T13:04:01,0,0,0
2026-03-10T13:05:01,0,0,0
2026-03-10T13:06:01,0,0,0
2026-03-10T13:07:01,0,0,0
2026-03-10T13:08:01,0,0,0
2026-03-10T13:09:01,0,0,0
2026-03-10T13:10:01,0,0,0
2026-03-10T13:11:01,0,0,0
2026-03-10T13:12:01,0,0,0
2026-03-10T13:13:01,0,0,0
2026-03-10T13:14:01,0,0,0
2026-03-10T13:15:01,0,0,0
2026-03-10T13:16:01,0,0,0
2026-03-10T13:17:01,0,0,0
2026-03-10T13:18:01,0,0,0
2026-03-10T13:19:01,0,0,0
2026-03-10T13:20:01,0,0,0
2026-03-10T13:21:01,0,0,0
2026-03-10T13:22:01,0,0,0
2026-03-10T13:23:01,0,0,0
2026-03-10T13:24:01,0,0,0
2026-03-10T13:25:01,0,0,0
2026-03-10T13:26:01,0,0,0
2026-03-10T13:27:01,0,0,0
2026-03-10T13:28:01,0,0,0
2026-03-10T13:29:01,0,0,0
2026-03-10T13:30:01,0,0,0
2026-03-10T13:31:01,0,0,0
2026-03-10T13:32:01,0,0,0
2026-03-10T13:33:01,0,0,0
2026-03-10T13:34:01,0,0,0
2026-03-10T13:35:01,0,0,0
2026-03-10T13:36:01,0,0,0
2026-03-10T13:37:01,0,0,0
2026-03-10T13:38:01,0,0,0
2026-03-10T13:39:01,0,0,0
2026-03-10T13:40:01,0,0,0
2026-03-10T13:41:01,0,0,0
2026-03-10T13:42:01,0,0,0
2026-03-10T13:43:01,0,0,0
2026-03-10T13:44:01,0,0,0
2026-03-10T13:45:01,0,0,0
2026-03-10T13:46:01,0,0,0
2026-03-10T13:47:01,0,0,0
2026-03-10T13:48:01,0,0,0
2026-03-10T13:49:01,0,0,0
2026-03-10T13:50:01,0,0,0
2026-03-10T13:51:01,0,0,0
2026-03-10T13:52:01,0,0,0
2026-03-10T13:53:01,0,0,0
2026-03-10T13:54:01,0,0,0
2026-03-10T13:55:01,0,0,0
2026-03-10T13:56:01,0,0,0
2026-03-10T13:57:01,0,0,0
2026-03-10T13:58:01,0,0,0
2026-03-10T13:59:01,0,0,0
2026-03-10T14:00:01,0,0,0
2026-03-10T14:01:01,0,0,0
2026-03-10T14:02:01,0,0,0
2026-03-10T14:03:01,0,0,0
2026-03-10T14:04:01,0,0,0
2026-03-10T14:05:01,0,0,0
2026-03-10T14:06:01,0,0,0
2026-03-10T14:07:01,0,0,0
2026-03-10T14:08:01,0,0,0
2026-03-10T14:09:01,0,0,0
2026-03-10T14:10:01,0,0,0
2026-03-10T14:11:01,0,0,0
2026-03-10T14:12:01,0,0,0
2026-03-10T14:13:01,0,0,0
2026-03-10T14:14:01,0,0,0
2026-03-10T14:15:01,0,0,0
2026-03-10T14:16:01,0,0,0
2026-03-10T14:17:01,0,0,0
2026-03-10T14:18:01,0,0,0
2026-03-10T14:19:01,0,0,0
2026-03-10T14:20:01,0,0,0
2026-03-10T14:21:01,0,0,0
2026-03-10T14:22:01,0,0,0
2026-03-10T14:23:01,0,0,0
2026-03-10T14:24:01,0,0,0
2026-03-10T14:25:01,0,0,0
2026-03-10T14:26:01,0,0,0
2026-03-10T14:27:01,0,0,0
2026-03-10T14:28:01,0,0,0
2026-03-10T14:29:01,0,0,0
2026-03-10T14:30:01,0,0,0
2026-03-10T14:31:01,0,0,0
2026-03-10T14:32:01,0,0,0
2026-03-10T14:33:01,0,0,0
2026-03-10T14:34:01,0,0,0
2026-03-10T14:35:01,0,0,0
2026-03-10T14:36:01,0,0,0
2026-03-10T14:37:01,0,0,0
2026-03-10T14:38:01,0,0,0
2026-03-10T14:39:01,0,0,0
2026-03-10T14:40:01,0,0,0
2026-03-10T14:41:01,0,0,0
2026-03-10T14:42:01,0,0,0
2026-03-10T14:43:01,0,0,0
2026-03-10T14:44:01,0,0,0
2026-03-10T14:45:01,0,0,0
2026-03-10T14:46:01,0,0,0
2026-03-10T14:47:01,0,0,0
2026-03-10T14:48:01,0,0,0
2026-03-10T14:49:01,0,0,0
2026-03-10T14:50:01,0,0,0
2026-03-10T14:51:01,0,0,0
2026-03-10T14:52:01,0,0,0
2026-03-10T14:53:01,0,0,0
2026-03-10T14:54:01,0,0,0
2026-03-10T14:55:01,0,0,0
2026-03-10T14:56:01,0,0,0
2026-03-10T14:57:01,0,0,0
2026-03-10T14:58:01,0,0,0
2026-03-10T14:59:01,0,0,0
2026-03-10T15:00:01,0,0,0
2026-03-10T15:01:01,0,0,0
2026-03-10T15:02:01,0,0,0
2026-03-10T15:03:01,0,0,0
2026-03-10T15:04:01,0,0,0
2026-03-10T15:05:01,0,0,0
2026-03-10T15:06:01,0,0,0
2026-03-10T15:07:01,0,0,0
2026-03-10T15:08:01,0,0,0
2026-03-10T15:09:01,0,0,0
2026-03-10T15:10:01,0,0,0
2026-03-10T15:11:01,0,0,0
2026-03-10T15:12:01,0,0,0
2026-03-10T15:13:01,0,0,0
2026-03-10T15:14:01,0,0,0
2026-03-10T15:15:01,0,0,0
2026-03-10T15:16:01,0,0,0
2026-03-10T15:17:01,0,0,0
2026-03-10T15:18:01,0,0,0
2026-03-10T15:19:01,0,0,0
2026-03-10T15:20:01,0,0,0
2026-03-10T15:21:01,0,0,0
2026-03-10T15:22:01,0,0,0
2026-03-10T15:23:01,0,0,0
2026-03-10T15:24:01,0,0,0
2026-03-10T15:25:01,0,0,0
2026-03-10T15:26:01,0,0,0
2026-03-10T15:27:01,0,0,0
2026-03-10T15:28:01,0,0,0
2026-03-10T15:29:01,0,0,0
2026-03-10T15:30:01,0,0,0
2026-03-10T15:31:01,0,0,0
2026-03-10T15:32:01,0,0,0
2026-03-10T15:33:01,0,0,0
2026-03-10T15:34:01,0,0,0
2026-03-10T15:35:01,0,0,0
2026-03-10T15:36:01,0,0,0
2026-03-10T15:37:01,0,0,0
2026-03-10T15:38:01,0,0,0
2026-03-10T15:39:01,0,0,0
2026-03-10T15:40:01,0,0,0
2026-03-10T15:41:01,0,0,0
2026-03-10T15:42:01,0,0,0
2026-03-10T15:43:01,0,0,0
2026-03-10T15:44:01,0,0,0
2026-03-10T15:45:01,0,0,0
2026-03-10T15:46:01,0,0,0
2026-03-10T15:47:01,0,0,0
2026-03-10T15:48:01,0,0,0
2026-03-10T15:49:01,0,0,0
2026-03-10T15:50:01,0,0,0
2026-03-10T15:51:01,0,0,0
2026-03-10T15:52:01,0,0,0
2026-03-10T15:53:01,0,0,0
2026-03-10T15:54:01,0,0,0
2026-03-10T15:55:01,0,0,0
2026-03-10T15:56:01,0,0,0
2026-03-10T15:57:01,0,0,0
2026-03-10T15:58:01,0,0,0
2026-03-10T15:59:01,0,0,0
2026-03-10T16:00:01,0,0,0
2026-03-10T16:01:01,0,0,0
2026-03-10T16:02:01,0,0,0
2026-03-10T16:03:01,0,0,0
2026-03-10T16:04:01,0,0,0
2026-03-10T16:05:01,0,0,0
2026-03-10T16:06:01,0,0,0
2026-03-10T16:07:01,0,0,0
2026-03-10T16:08:01,0,0,0
2026-03-10T16:09:01,0,0,0
2026-03-10T16:10:01,0,0,0
2026-03-10T16:11:01,0,0,0
2026-03-10T16:12:01,0,0,0
2026-03-10T16:13:01,0,0,0
2026-03-10T16:14:01,0,0,0
2026-03-10T16:15:01,0,0,0
2026-03-10T16:16:01,0,0,0
2026-03-10T16:17:01,0,0,0
2026-03-10T16:18:01,0,0,0
2026-03-10T16:19:01,0,0,0
2026-03-10T16:20:01,0,0,0
2026-03-10T16:21:01,0,0,0
2026-03-10T16:22:01,0,0,0
2026-03-10T16:23:01,0,0,0
2026-03-10T16:24:01,0,0,0
2026-03-10T16:25:01,0,0,0
2026-03-10T16:26:01,0,0,0
2026-03-10T16:27:01,0,0,0
2026-03-10T16:28:01,0,0,0
2026-03-10T16:29:01,0,0,0
2026-03-10T16:30:01,0,0,0
2026-03-10T16:31:01,0,0,0
2026-03-10T16:32:01,0,0,0
2026-03-10T16:33:01,0,0,0
2026-03-10T16:34:01,0,0,0
2026-03-10T16:35:01,0,0,0
2026-03-10T16:36:01,0,0,0
2026-03-10T16:37:01,0,0,0
2026-03-10T16:38:01,0,0,0
2026-03-10T16:39:01,0,0,0
2026-03-10T16:40:01,0,0,0
2026-03-10T16:41:01,0,0,0
2026-03-10T16:42:01,0,0,0
2026-03-10T16:43:01,0,0,0
2026-03-10T16:44:01,0,0,0
2026-03-10T16:45:01,0,0,0
2026-03-10T16:46:01,0,0,0
2026-03-10T16:47:01,0,0,0
2026-03-10T16:48:01,0,0,0
2026-03-10T16:49:01,0,0,0
2026-03-10T16:50:01,0,0,0
2026-03-10T16:51:01,0,0,0
2026-03-10T16:52:01,0,0,0
2026-03-10T16:53:01,0,0,0
2026-03-10T16:54:01,0,0,0
2026-03-10T16:55:01,0,0,0
2026-03-10T16:56:01,0,0,0
2026-03-10T16:57:01,0,0,0
2026-03-10T16:58:01,0,0,0
2026-03-10T16:59:01,0,0,0
2026-03-10T17:00:01,0,0,0
2026-03-10T17:01:01,0,0,0
2026-03-10T17:02:01,0,0,0
2026-03-10T17:03:01,0,0,0
2026-03-10T17:04:01,0,0,0
2026-03-10T17:05:01,0,0,0
2026-03-10T17:06:01,0,0,0
2026-03-10T17:07:01,0,0,0
2026-03-10T17:08:01,0,0,0
2026-03-10T17:09:01,0,0,0
2026-03-10T17:10:01,0,0,0
2026-03-10T17:11:01,0,0,0
2026-03-10T17:12:01,0,0,0
2026-03-10T17:13:01,0,0,0
2026-03-10T17:14:01,0,0,0
2026-03-10T17:15:01,0,0,0
2026-03-10T17:16:01,0,0,0
2026-03-10T17:17:01,0,0,0
2026-03-10T17:18:01,0,0,0
2026-03-10T17:19:01,0,0,0
2026-03-10T17:20:01,0,0,0
2026-03-10T17:21:01,0,0,0
2026-03-10T17:22:01,0,0,0
2026-03-10T17:23:01,0,0,0
2026-03-10T17:24:01,0,0,0
2026-03-10T17:25:01,0,0,0
2026-03-10T17:26:01,0,0,0
2026-03-10T17:27:01,0,0,0
2026-03-10T17:28:01,0,0,0
2026-03-10T17:29:01,0,0,0
2026-03-10T17:30:01,0,0,0
2026-03-10T17:31:01,0,0,0
2026-03-10T17:32:01,0,0,0
2026-03-10T17:33:01,0,0,0
2026-03-10T17:34:01,0,0,0
2026-03-10T17:35:01,0,0,0
2026-03-10T17:36:01,0,0,0
2026-03-10T17:37:01,0,0,0
2026-03-10T17:38:01,0,0,0
2026-03-10T17:39:01,0,0,0
2026-03-10T17:40:01,0,0,0
2026-03-10T17:41:01,0,0,0
2026-03-10T17:42:01,0,0,0
2026-03-10T17:43:01,0,0,0
2026-03-10T17:44:01,0,0,0
2026-03-10T17:45:01,0,0,0
2026-03-10T17:46:01,0,0,0
2026-03-10T17:47:01,0,0,0
2026-03-10T17:48:01,0,0,0
2026-03-10T17:49:01,0,0,0
2026-03-10T17:50:01,0,0,0
2026-03-10T17:51:01,0,0,0
2026-03-10T17:52:01,0,0,0
2026-03-10T17:53:01,0,0,0
2026-03-10T17:54:01,0,0,0
2026-03-10T17:55:01,0,0,0
2026-03-10T17:56:01,0,0,0
2026-03-10T17:57:01,0,0,0
2026-03-10T17:58:01,0,0,0
2026-03-10T17:59:01,0,0,0
2026-03-10T18:00:01,0,0,0
2026-03-10T18:01:01,0,0,0
2026-03-10T18:02:01,0,0,0
2026-03-10T18:03:01,0,0,0
2026-03-10T18:04:01,0,0,0
2026-03-10T18:05:01,0,0,0
2026-03-10T18:06:01,0,0,0
2026-03-10T18:07:01,0,0,0
2026-03-10T18:08:01,0,0,0
2026-03-10T18:09:01,0,0,0
2026-03-10T18:10:01,0,0,0
2026-03-10T18:11:01,0,0,0
2026-03-10T18:12:01,0,0,0
2026-03-10T18:13:01,0,0,0
2026-03-10T18:14:01,0,0,0
2026-03-10T18:15:01,0,0,0
2026-03-10T18:16:01,0,0,0
2026-03-10T18:17:01,0,0,0
2026-03-10T18:18:01,0,0,0
2026-03-10T18:19:01,0,0,0
2026-03-10T18:20:01,0,0,0
2026-03-10T18:21:01,0,0,0
2026-03-10T18:22:01,0,0,0
2026-03-10T18:23:01,0,0,0
2026-03-10T18:24:01,0,0,0
2026-03-10T18:25:01,0,0,0
2026-03-10T18:26:01,0,0,0
2026-03-10T18:27:01,0,0,0
2026-03-10T18:28:01,0,0,0
2026-03-10T18:29:01,0,0,0
2026-03-10T18:30:01,0,0,0
2026-03-10T18:31:01,0,0,0
2026-03-10T18:32:01,0,0,0
2026-03-10T18:33:01,0,0,0
2026-03-10T18:34:01,0,0,0
2026-03-10T18:35:01,0,0,0
2026-03-10T18:36:01,0,0,0
2026-03-10T18:37:01,0,0,0
2026-03-10T18:38:01,0,0,0
2026-03-10T18:39:01,0,0,0
2026-03-10T18:40:01,0,0,0
2026-03-10T18:41:01,0,0,0
2026-03-10T18:42:01,0,0,0
2026-03-10T18:43:01,0,0,0
2026-03-10T18:44:01,0,0,0
2026-03-10T18:45:01,0,0,0
2026-03-10T18:46:01,0,0,0
2026-03-10T18:47:01,0,0,0
2026-03-10T18:48:01,0,0,0
2026-03-10T18:49:01,0,0,0
2026-03-10T18:50:01,0,0,0
2026-03-10T18:51:01,0,0,0
2026-03-10T18:52:01,0,0,0
2026-03-10T18:53:01,0,0,0
2026-03-10T18:54:01,0,0,0
2026-03-10T18:55:01,0,0,0
2026-03-10T18:56:01,0,0,0
2026-03-10T18:57:01,0,0,0
2026-03-10T18:58:01,0,0,0
2026-03-10T18:59:01,0,0,0
2026-03-10T19:00:01,0,0,0
2026-03-10T19:01:01,0,0,0
2026-03-10T19:02:01,0,0,0
2026-03-10T19:03:01,0,0,0
2026-03-10T19:04:01,0,0,0
2026-03-10T19:05:01,0,0,0
2026-03-10T19:06:01,0,0,0
2026-03-10T19:07:01,0,0,0
2026-03-10T19:08:01,0,0,0
2026-03-10T19:09:01,0,0,0
2026-03-10T19:10:01,0,0,0
2026-03-10T19:11:01,0,0,0
2026-03-10T19:12:01,0,0,0
2026-03-10T19:13:01,0,0,0
2026-03-10T19:14:01,0,0,0
2026-03-10T19:15:01,0,0,0
2026-03-10T19:16:01,0,0,0
2026-03-10T19:17:01,0,0,0
2026-03-10T19:18:01,0,0,0
2026-03-10T19:19:01,0,0,0
2026-03-10T19:20:01,0,0,0
2026-03-10T19:21:01,0,0,0
2026-03-10T19:22:01,0,0,0
2026-03-10T19:23:01,0,0,0
2026-03-10T19:24:01,0,0,0
2026-03-10T19:25:01,0,0,0
2026-03-10T19:26:01,0,0,0
2026-03-10T19:27:01,0,0,0
2026-03-10T19:28:01,0,0,0
2026-03-10T19:29:01,0,0,0
2026-03-10T19:30:01,0,0,0
2026-03-10T19:31:01,0,0,0
2026-03-10T19:32:01,0,0,0
2026-03-10T19:33:01,0,0,0
2026-03-10T19:34:01,0,0,0
2026-03-10T19:35:01,0,0,0
2026-03-10T19:36:01,0,0,0
2026-03-10T19:37:01,0,0,0
2026-03-10T19:38:01,0,0,0
2026-03-10T19:39:01,0,0,0
2026-03-10T19:40:01,0,0,0
2026-03-10T19:41:01,0,0,0
2026-03-10T19:42:01,0,0,0
2026-03-10T19:43:01,0,0,0
2026-03-10T19:44:01,0,0,0
2026-03-10T19:45:01,0,0,0
2026-03-10T19:46:01,0,0,0
2026-03-10T19:47:01,0,0,0
2026-03-10T19:48:01,0,0,0
2026-03-10T19:49:01,0,0,0
2026-03-10T19:50:01,0,0,0
2026-03-10T19:51:01,0,0,0
2026-03-10T19:52:01,0,0,0
2026-03-10T19:53:01,0,0,0
2026-03-10T19:54:01,0,0,0
2026-03-10T19:55:01,0,0,0
2026-03-10T19:56:01,0,0,0
2026-03-10T19:57:01,0,0,0
2026-03-10T19:58:01,0,0,0
2026-03-10T19:59:01,0,0,0
2026-03-10T20:00:01,0,0,0
2026-03-10T20:01:01,0,0,0
2026-03-10T20:02:01,0,0,0
2026-03-10T20:03:01,0,0,0
2026-03-10T20:04:01,0,0,0
2026-03-10T20:05:01,0,0,0
2026-03-10T20:06:01,0,0,0
2026-03-10T20:07:01,0,0,0
2026-03-10T20:08:01,0,0,0
2026-03-10T20:09:01,0,0,0
2026-03-10T20:10:01,0,0,0
2026-03-10T20:11:01,0,0,0
2026-03-10T20:12:01,0,0,0
2026-03-10T20:13:01,0,0,0
2026-03-10T20:14:01,0,0,0
2026-03-10T20:15:01,0,0,0
2026-03-10T20:16:01,0,0,0
2026-03-10T20:17:01,0,0,0
2026-03-10T20:18:01,0,0,0
2026-03-10T20:19:01,0,0,0
2026-03-10T20:20:01,0,0,0
2026-03-10T20:21:01,0,0,0
2026-03-10T20:22:01,0,0,0
2026-03-10T20:23:01,0,0,0
2026-03-10T20:24:01,0,0,0
2026-03-10T20:25:01,0,0,0
2026-03-10T20:26:01,0,0,0
2026-03-10T20:27:01,0,0,0
2026-03-10T20:28:01,0,0,0
2026-03-10T20:29:01,0,0,0
2026-03-10T20:30:01,0,0,0
2026-03-10T20:31:01,0,0,0
2026-03-10T20:32:01,0,0,0
2026-03-10T20:33:01,0,0,0
2026-03-10T20:34:01,0,0,0
2026-03-10T20:35:01,0,0,0
2026-03-10T20:36:01,0,0,0
2026-03-10T20:37:01,0,0,0
2026-03-10T20:38:01,0,0,0
2026-03-10T20:39:01,0,0,0
2026-03-10T20:40:01,0,0,0
2026-03-10T20:41:01,0,0,0
2026-03-10T20:42:01,0,0,0
2026-03-10T20:43:01,0,0,0
2026-03-10T20:44:01,0,0,0
2026-03-10T20:45:01,0,0,0
2026-03-10T20:46:01,0,0,0
2026-03-10T20:47:01,0,0,0
2026-03-10T20:48:01,0,0,0
2026-03-10T20:49:01,0,0,0
2026-03-10T20:50:01,0,0,0
2026-03-10T20:51:01,0,0,0
2026-03-10T20:52:01,0,0,0
2026-03-10T20:53:01,0,0,0
2026-03-10T20:54:01,0,0,0
2026-03-10T20:55:01,0,0,0
2026-03-10T20:56:01,0,0,0
2026-03-10T20:57:01,0,0,0
2026-03-10T20:58:01,0,0,0
2026-03-10T20:59:01,0,0,0
2026-03-10T21:00:01,0,0,0
2026-03-10T21:01:01,0,0,0
2026-03-10T21:02:01,0,0,0
2026-03-10T21:03:01,0,0,0
2026-03-10T21:04:01,0,0,0
2026-03-10T21:05:01,0,0,0
2026-03-10T21:06:01,0,0,0
2026-03-10T21:07:01,0,0,0
2026-03-10T21:08:01,0,0,0
2026-03-10T21:09:01,0,0,0
2026-03-10T21:10:01,0,0,0
2026-03-10T21:11:01,0,0,0
2026-03-10T21:12:01,0,0,0
2026-03-10T21:13:01,0,0,0
2026-03-10T21:14:01,0,0,0
2026-03-10T21:15:01,0,0,0
2026-03-10T21:16:01,0,0,0
2026-03-10T21:17:01,0,0,0
2026-03-10T21:18:01,0,0,0
2026-03-10T21:19:01,0,0,0
2026-03-10T21:20:01,0,0,0
2026-03-10T21:21:01,0,0,0
2026-03-10T21:22:01,0,0,0
2026-03-10T21:23:01,0,0,0
2026-03-10T21:24:01,0,0,0
2026-03-10T21:25:01,0,0,0
2026-03-10T21:26:01,0,0,0
2026-03-10T21:27:01,0,0,0
2026-03-10T21:28:01,0,0,0
2026-03-10T21:29:01,0,0,0
2026-03-10T21:30:01,0,0,0
2026-03-10T21:31:01,0,0,0
2026-03-10T21:32:01,0,0,0
2026-03-10T21:33:01,0,0,0
2026-03-10T21:34:01,0,0,0
2026-03-10T21:35:01,0,0,0
2026-03-10T21:36:01,0,0,0
2026-03-10T21:37:01,0,0,0
2026-03-10T21:38:01,0,0,0
2026-03-10T21:39:01,0,0,0
2026-03-10T21:40:01,0,0,0
2026-03-10T21:41:01,0,0,0
2026-03-10T21:42:01,0,0,0
2026-03-10T21:43:01,0,0,0
2026-03-10T21:44:01,0,0,0
2026-03-10T21:45:01,0,0,0
2026-03-10T21:46:01,0,0,0
2026-03-10T21:47:01,0,0,0
2026-03-10T21:48:01,0,0,0
2026-03-10T21:49:01,0,0,0
2026-03-10T21:50:01,0,0,0
2026-03-10T21:51:01,0,0,0
2026-03-10T21:52:01,0,0,0
2026-03-10T21:53:01,0,0,0
2026-03-10T21:54:01,0,0,0
2026-03-10T21:55:01,0,0,0
2026-03-10T21:56:01,0,0,0
2026-03-10T21:57:01,0,0,0
2026-03-10T21:58:01,0,0,0
2026-03-10T21:59:01,0,0,0
2026-03-10T22:00:01,0,0,0
2026-03-10T22:01:01,0,0,0
2026-03-10T22:02:01,0,0,0
2026-03-10T22:03:01,0,0,0
2026-03-10T22:04:01,0,0,0
2026-03-10T22:05:01,0,0,0
2026-03-10T22:06:01,0,0,0
2026-03-10T22:07:01,0,0,0
2026-03-10T22:08:01,0,0,0
2026-03-10T22:09:01,0,0,0
2026-03-10T22:10:01,0,0,0
2026-03-10T22:11:01,0,0,0
2026-03-10T22:12:01,0,0,0
2026-03-10T22:13:01,0,0,0
2026-03-10T22:14:01,0,0,0
2026-03-10T22:15:01,0,0,0
2026-03-10T22:16:01,0,0,0
2026-03-10T22:17:01,0,0,0
2026-03-10T22:18:01,0,0,0
2026-03-10T22:19:01,0,0,0
2026-03-10T22:20:01,0,0,0
2026-03-10T22:21:01,0,0,0
2026-03-10T22:22:01,0,0,0
2026-03-10T22:23:01,0,0,0
2026-03-10T22:24:01,0,0,0
2026-03-10T22:25:01,0,0,0
2026-03-10T22:26:01,0,0,0
2026-03-10T22:27:01,0,0,0
2026-03-10T22:28:01,0,0,0
2026-03-10T22:29:01,0,0,0
2026-03-10T22:30:01,0,0,0
2026-03-10T22:31:01,0,0,0
2026-03-10T22:32:01,0,0,0
2026-03-10T22:33:01,0,0,0
2026-03-10T22:34:01,0,0,0
2026-03-10T22:35:01,0,0,0
2026-03-10T22:36:01,0,0,0
2026-03-10T22:37:01,0,0,0
2026-03-10T22:38:01,0,0,0
2026-03-10T22:39:01,0,0,0
2026-03-10T22:40:01,0,0,0
2026-03-10T22:41:01,0,0,0
2026-03-10T22:42:01,0,0,0
2026-03-10T22:43:01,0,0,0
2026-03-10T22:44:01,0,0,0
2026-03-10T22:45:01,0,0,0
2026-03-10T22:46:01,0,0,0
2026-03-10T22:47:01,0,0,0
2026-03-10T22:48:01,0,0,0
2026-03-10T22:49:01,0,0,0
2026-03-10T22:50:01,0,0,0
2026-03-10T22:51:01,0,0,0
2026-03-10T22:52:01,0,0,0
2026-03-10T22:53:01,0,0,0
2026-03-10T22:54:01,0,0,0
2026-03-10T22:55:01,0,0,0
2026-03-10T22:56:01,0,0,0
2026-03-10T22:57:01,0,0,0
2026-03-10T22:58:01,0,0,0
2026-03-10T22:59:01,0,0,0
2026-03-10T23:00:01,0,0,0
2026-03-10T23:01:01,0,0,0
2026-03-10T23:02:01,0,0,0
2026-03-10T23:03:01,0,0,0
2026-03-10T23:04:01,0,0,0
2026-03-10T23:05:01,0,0,0
2026-03-10T23:06:01,0,0,0
2026-03-10T23:07:01,0,0,0
2026-03-10T23:08:01,0,0,0
2026-03-10T23:09:01,0,0,0
2026-03-10T23:10:01,0,0,0
2026-03-10T23:11:01,0,0,0
2026-03-10T23:12:01,0,0,0
2026-03-10T23:13:01,0,0,0
2026-03-10T23:14:01,0,0,0
2026-03-10T23:15:01,0,0,0
2026-03-10T23:16:01,0,0,0
2026-03-10T23:17:01,0,0,0
2026-03-10T23:18:01,0,0,0
2026-03-10T23:19:01,0,0,0
2026-03-10T23:20:01,0,0,0
2026-03-10T23:21:01,0,0,0
2026-03-10T23:22:01,0,0,0
2026-03-10T23:23:01,0,0,0
2026-03-10T23:24:01,0,0,0
2026-03-10T23:25:01,0,0,0
2026-03-10T23:26:01,0,0,0
2026-03-10T23:27:01,0,0,0
2026-03-10T23:28:01,0,0,0
2026-03-10T23:29:01,0,0,0
2026-03-10T23:30:01,0,0,0
2026-03-10T23:31:01,0,0,0
2026-03-10T23:32:01,0,0,0
2026-03-10T23:33:01,0,0,0
2026-03-10T23:34:01,0,0,0
2026-03-10T23:35:01,0,0,0
2026-03-10T23:36:01,0,0,0
2026-03-10T23:37:01,0,0,0
2026-03-10T23:38:01,0,0,0
2026-03-10T23:39:01,0,0,0
2026-03-10T23:40:01,0,0,0
2026-03-10T23:41:01,0,0,0
2026-03-10T23:42:01,0,0,0
2026-03-10T23:43:01,0,0,0
2026-03-10T23:44:01,0,0,0
2026-03-10T23:45:01,0,0,0
2026-03-10T23:46:01,0,0,0
2026-03-10T23:47:01,0,0,0
2026-03-10T23:48:01,0,0,0
2026-03-10T23:49:01,0,0,0
2026-03-10T23:50:01,0,0,0
2026-03-10T23:51:01,0,0,0
2026-03-10T23:52:01,0,0,0
2026-03-10T23:53:01,0,0,0
2026-03-10T23:54:01,0,0,0
2026-03-10T23:55:01,0,0,0
2026-03-10T23:56:01,0,0,0
2026-03-10T23:57:01,0,0,0
2026-03-10T23:58:01,0,0,0
2026-03-10T23:59:01,0,0,0
2026-03-11T00:00:01,0,0,0
2026-03-11T00:01:01,0,0,0
2026-03-11T00:02:01,0,0,0
2026-03-11T00:03:01,0,0,0
2026-03-11T00:04:01,0,0,0
2026-03-11T00:05:01,0,0,0
2026-03-11T00:06:01,0,0,0
2026-03-11T00:07:01,0,0,0
2026-03-11T00:08:01,0,0,0
2026-03-11T00:09:01,0,0,0
2026-03-11T00:10:01,0,0,0
2026-03-11T00:11:01,0,0,0
2026-03-11T00:12:01,0,0,0
2026-03-11T00:13:01,0,0,0
2026-03-11T00:14:01,0,0,0
2026-03-11T00:15:01,0,0,0
2026-03-11T00:16:01,0,0,0
2026-03-11T00:17:01,0,0,0
2026-03-11T00:18:01,0,0,0
2026-03-11T00:19:01,0,0,0
2026-03-11T00:20:01,0,0,0
2026-03-11T00:21:01,0,0,0
2026-03-11T00:22:01,0,0,0
2026-03-11T00:23:01,0,0,0
2026-03-11T00:24:01,0,0,0
2026-03-11T00:25:01,0,0,0
2026-03-11T00:26:01,0,0,0
2026-03-11T00:27:01,0,0,0
2026-03-11T00:28:01,0,0,0
2026-03-11T00:29:01,0,0,0
2026-03-11T00:30:01,0,0,0
2026-03-11T00:31:01,0,0,0
2026-03-11T00:32:01,0,0,0
2026-03-11T00:33:01,0,0,0
2026-03-11T00:34:01,0,0,0
2026-03-11T00:35:01,0,0,0
2026-03-11T00:36:01,0,0,0
2026-03-11T00:37:01,0,0,0
2026-03-11T00:38:01,0,0,0
2026-03-11T00:39:01,0,0,0
2026-03-11T00:40:01,0,0,0
2026-03-11T00:41:01,0,0,0
2026-03-11T00:42:01,0,0,0
2026-03-11T00:43:01,0,0,0
2026-03-11T00:44:01,0,0,0
2026-03-11T00:45:01,0,0,0
2026-03-11T00:46:01,0,0,0
2026-03-11T00:47:01,0,0,0
2026-03-11T00:48:01,0,0,0
2026-03-11T00:49:01,0,0,0
2026-03-11T00:50:01,0,0,0
2026-03-11T00:51:01,0,0,0
2026-03-11T00:52:01,0,0,0
2026-03-11T00:53:01,0,0,0
2026-03-11T00:54:01,0,0,0
2026-03-11T00:55:01,0,0,0
2026-03-11T00:56:01,0,0,0
2026-03-11T00:57:01,0,0,0
2026-03-11T00:58:01,0,0,0
2026-03-11T00:59:01,0,0,0
2026-03-11T01:00:01,0,0,0
2026-03-11T01:01:01,0,0,0
2026-03-11T01:02:01,0,0,0
2026-03-11T01:03:01,0,0,0
2026-03-11T01:04:01,0,0,0
2026-03-11T01:05:01,0,0,0
2026-03-11T01:06:01,0,0,0
2026-03-11T01:07:01,0,0,0
2026-03-11T01:08:01,0,0,0
2026-03-11T01:09:01,0,0,0
2026-03-11T01:10:01,0,0,0
2026-03-11T01:11:01,0,0,0
2026-03-11T01:12:01,0,0,0
2026-03-11T01:13:01,0,0,0
2026-03-11T01:14:01,0,0,0
2026-03-11T01:15:01,0,0,0
2026-03-11T01:16:01,0,0,0
2026-03-11T01:17:01,0,0,0
2026-03-11T01:18:01,0,0,0
2026-03-11T01:19:01,0,0,0
2026-03-11T01:20:01,0,0,0
2026-03-11T01:21:01,0,0,0
2026-03-11T01:22:01,0,0,0
2026-03-11T01:23:01,0,0,0
2026-03-11T01:24:01,0,0,0
2026-03-11T01:25:01,0,0,0
2026-03-11T01:26:01,0,0,0
2026-03-11T01:27:01,0,0,0
2026-03-11T01:28:01,0,0,0
2026-03-11T01:29:01,0,0,0
2026-03-11T01:30:01,0,0,0
2026-03-11T01:31:01,0,0,0
2026-03-11T01:32:01,0,0,0
2026-03-11T01:33:01,0,0,0
2026-03-11T01:34:01,0,0,0
2026-03-11T01:35:01,0,0,0
2026-03-11T01:36:01,0,0,0
2026-03-11T01:37:01,0,0,0
2026-03-11T01:38:01,0,0,0
2026-03-11T01:39:01,0,0,0
2026-03-11T01:40:01,0,0,0
2026-03-11T01:41:01,0,0,0
2026-03-11T01:42:01,0,0,0
2026-03-11T01:43:01,0,0,0
2026-03-11T01:44:01,0,0,0
2026-03-11T01:45:01,0,0,0
2026-03-11T01:46:01,0,0,0
2026-03-11T01:47:01,0,0,0
2026-03-11T01:48:01,0,0,0
2026-03-11T01:49:01,0,0,0
2026-03-11T01:50:01,0,0,0
2026-03-11T01:51:01,0,0,0
2026-03-11T01:52:01,0,0,0
2026-03-11T01:53:01,0,0,0
2026-03-11T01:54:01,0,0,0
2026-03-11T01:55:01,0,0,0
2026-03-11T01:56:01,0,0,0
2026-03-11T01:57:01,0,0,0
2026-03-11T01:58:01,0,0,0
2026-03-11T01:59:01,0,0,0
2026-03-11T02:00:01,0,0,0
2026-03-11T02:01:01,0,0,0
2026-03-11T02:02:01,0,0,0
2026-03-11T02:03:01,0,0,0
2026-03-11T02:04:01,0,0,0
2026-03-11T02:05:01,0,0,0
2026-03-11T02:06:01,0,0,0
2026-03-11T02:07:01,0,0,0
2026-03-11T02:08:01,0,0,0
2026-03-11T02:09:01,0,0,0
2026-03-11T02:10:01,0,0,0
2026-03-11T02:11:01,0,0,0
2026-03-11T02:12:01,0,0,0
2026-03-11T02:13:01,0,0,0
2026-03-11T02:14:01,0,0,0
2026-03-11T02:15:01,0,0,0
2026-03-11T02:16:01,0,0,0
2026-03-11T02:17:01,0,0,0
2026-03-11T02:18:01,0,0,0
2026-03-11T02:19:01,0,0,0
2026-03-11T02:20:01,0,0,0
2026-03-11T02:21:01,0,0,0
2026-03-11T02:22:01,0,0,0
2026-03-11T02:23:01,0,0,0
2026-03-11T02:24:01,0,0,0
2026-03-11T02:25:01,0,0,0
2026-03-11T02:26:01,0,0,0
2026-03-11T02:27:01,0,0,0
2026-03-11T02:28:01,0,0,0
2026-03-11T02:29:01,0,0,0
2026-03-11T02:30:01,0,0,0
2026-03-11T02:31:01,0,0,0
2026-03-11T02:32:01,0,0,0
2026-03-11T02:33:01,0,0,0
2026-03-11T02:34:01,0,0,0
2026-03-11T02:35:01,0,0,0
2026-03-11T02:36:01,0,0,0
2026-03-11T02:37:01,0,0,0
2026-03-11T02:38:01,0,0,0
2026-03-11T02:39:01,0,0,0
2026-03-11T02:40:01,0,0,0
2026-03-11T02:41:01,0,0,0
2026-03-11T02:42:01,0,0,0
2026-03-11T02:43:01,0,0,0
2026-03-11T02:44:01,0,0,0
2026-03-11T02:45:01,0,0,0
2026-03-11T02:46:01,0,0,0
2026-03-11T02:47:01,0,0,0
2026-03-11T02:48:01,0,0,0
2026-03-11T02:49:01,0,0,0
2026-03-11T02:50:01,0,0,0
2026-03-11T02:51:01,0,0,0
2026-03-11T02:52:01,0,0,0
2026-03-11T02:53:01,0,0,0
2026-03-11T02:54:01,0,0,0
2026-03-11T02:55:01,0,0,0
2026-03-11T02:56:01,0,0,0
2026-03-11T02:57:01,0,0,0
2026-03-11T02:58:01,0,0,0
2026-03-11T02:59:01,0,0,0
2026-03-11T03:00:01,0,0,0
2026-03-11T03:01:01,0,0,0
2026-03-11T03:02:01,0,0,0
2026-03-11T03:03:01,0,0,0
2026-03-11T03:04:01,0,0,0
2026-03-11T03:05:01,0,0,0
2026-03-11T03:06:01,0,0,0
2026-03-11T03:07:01,0,0,0
2026-03-11T03:08:01,0,0,0
2026-03-11T03:09:01,0,0,0
2026-03-11T03:10:01,0,0,0
2026-03-11T03:11:01,0,0,0
2026-03-11T03:12:01,0,0,0
2026-03-11T03:13:01,0,0,0
2026-03-11T03:14:01,0,0,0
2026-03-11T03:15:01,0,0,0
2026-03-11T03:16:01,0,0,0
2026-03-11T03:17:01,0,0,0
2026-03-11T03:18:01,0,0,0
2026-03-11T03:19:01,0,0,0
2026-03-11T03:20:01,0,0,0
2026-03-11T03:21:01,0,0,0
2026-03-11T03:22:01,0,0,0
2026-03-11T03:23:01,0,0,0
2026-03-11T03:24:01,0,0,0
2026-03-11T03:25:01,0,0,0
2026-03-11T03:26:01,0,0,0
2026-03-11T03:27:01,0,0,0
2026-03-11T03:28:01,0,0,0
2026-03-11T03:29:01,0,0,0
2026-03-11T03:30:01,0,0,0
2026-03-11T03:31:01,0,0,0
2026-03-11T03:32:01,0,0,0
2026-03-11T03:33:01,0,0,0
2026-03-11T03:34:01,0,0,0
2026-03-11T03:35:01,0,0,0
2026-03-11T03:36:01,0,0,0
2026-03-11T03:37:01,0,0,0
2026-03-11T03:38:01,0,0,0
2026-03-11T03:39:01,0,0,0
2026-03-11T03:40:01,0,0,0
2026-03-11T03:41:01,0,0,0
2026-03-11T03:42:01,0,0,0
2026-03-11T03:43:01,0,0,0
2026-03-11T03:44:01,0,0,0
2026-03-11T03:45:01,0,0,0
2026-03-11T03:46:01,0,0,0
2026-03-11T03:47:01,0,0,0
2026-03-11T03:48:01,0,0,0
2026-03-11T03:49:01,0,0,0
2026-03-11T03:50:01,0,0,0
2026-03-11T03:51:01,0,0,0
2026-03-11T03:52:01,0,0,0
2026-03-11T03:53:01,0,0,0
2026-03-11T03:54:01,0,0,0
2026-03-11T03:55:01,0,0,0
2026-03-11T03:56:01,0,0,0
2026-03-11T03:57:01,0,0,0
2026-03-11T03:58:01,0,0,0
2026-03-11T03:59:01,0,0,0
2026-03-11T04:00:01,0,0,0
2026-03-11T04:01:01,0,0,0
2026-03-11T04:02:01,0,0,0
2026-03-11T04:03:01,0,0,0
2026-03-11T04:04:01,0,0,0
2026-03-11T04:05:01,0,0,0
2026-03-11T04:06:01,0,0,0
2026-03-11T04:07:01,0,0,0
2026-03-11T04:08:01,0,0,0
2026-03-11T04:09:01,0,0,0
2026-03-11T04:10:01,0,0,0
2026-03-11T04:11:01,0,0,0
2026-03-11T04:12:01,0,0,0
2026-03-11T04:13:01,0,0,0
2026-03-11T04:14:01,0,0,0
2026-03-11T04:15:01,0,0,0
2026-03-11T04:16:01,0,0,0
2026-03-11T04:17:01,0,0,0
2026-03-11T04:18:01,0,0,0
2026-03-11T04:19:01,0,0,0
2026-03-11T04:20:01,0,0,0
2026-03-11T04:21:01,0,0,0
2026-03-11T04:22:01,0,0,0
2026-03-11T04:23:01,0,0,0
2026-03-11T04:24:01,0,0,0
2026-03-11T04:25:01,0,0,0
2026-03-11T04:26:01,0,0,0
2026-03-11T04:27:01,0,0,0
2026-03-11T04:28:01,0,0,0
2026-03-11T04:29:01,0,0,0
2026-03-11T04:30:01,0,0,0
2026-03-11T04:31:01,0,0,0
2026-03-11T04:32:01,0,0,0
2026-03-11T04:33:01,0,0,0
2026-03-11T04:34:01,0,0,0
2026-03-11T04:35:01,0,0,0
2026-03-11T04:36:01,0,0,0
2026-03-11T04:37:01,0,0,0
2026-03-11T04:38:01,0,0,0
2026-03-11T04:39:01,0,0,0
2026-03-11T04:40:01,0,0,0
2026-03-11T04:41:01,0,0,0
2026-03-11T04:42:01,0,0,0
2026-03-11T04:43:01,0,0,0
2026-03-11T04:44:01,0,0,0
2026-03-11T04:45:01,0,0,0
2026-03-11T04:46:01,0,0,0
2026-03-11T04:47:01,0,0,0
2026-03-11T04:48:01,0,0,0
2026-03-11T04:49:01,0,0,0
2026-03-11T04:50:01,0,0,0
2026-03-11T04:51:01,0,0,0
2026-03-11T04:52:01,0,0,0
2026-03-11T04:53:01,0,0,0
2026-03-11T04:54:01,0,0,0
2026-03-11T04:55:01,0,0,0
2026-03-11T04:56:01,0,0,0
2026-03-11T04:57:01,0,0,0
2026-03-11T04:58:01,0,0,0
2026-03-11T04:59:01,0,0,0
2026-03-11T05:00:01,0,0,0
2026-03-11T05:01:01,0,0,0
2026-03-11T05:02:01,0,0,0
2026-03-11T05:03:01,0,0,0
2026-03-11T05:04:01,0,0,0
2026-03-11T05:05:01,0,0,0
2026-03-11T05:06:01,0,0,0
2026-03-11T05:07:01,0,0,0
2026-03-11T05:08:01,0,0,0
2026-03-11T05:09:01,0,0,0
2026-03-11T05:10:01,0,0,0
2026-03-11T05:11:01,0,0,0
2026-03-11T05:12:01,0,0,0
2026-03-11T05:13:01,0,0,0
2026-03-11T05:14:01,0,0,0
2026-03-11T05:15:01,0,0,0
2026-03-11T05:16:01,0,0,0
2026-03-11T05:17:01,0,0,0
2026-03-11T05:18:01,0,0,0
2026-03-11T05:19:01,0,0,0
2026-03-11T05:20:01,0,0,0
2026-03-11T05:21:01,0,0,0
2026-03-11T05:22:01,0,0,0
2026-03-11T05:23:01,0,0,0
2026-03-11T05:24:01,0,0,0
2026-03-11T05:25:01,0,0,0
2026-03-11T05:26:01,0,0,0
2026-03-11T05:27:01,0,0,0
2026-03-11T05:28:01,0,0,0
2026-03-11T05:29:01,0,0,0
2026-03-11T05:30:01,0,0,0
2026-03-11T05:31:01,0,0,0
2026-03-11T05:32:01,0,0,0
2026-03-11T05:33:01,0,0,0
2026-03-11T05:34:01,0,0,0
2026-03-11T05:35:01,0,0,0
2026-03-11T05:36:01,0,0,0
2026-03-11T05:37:01,0,0,0
2026-03-11T05:38:01,0,0,0
2026-03-11T05:39:01,0,0,0
2026-03-11T05:40:01,0,0,0
2026-03-11T05:41:01,0,0,0
2026-03-11T05:42:01,0,0,0
2026-03-11T05:43:01,0,0,0
2026-03-11T05:44:01,0,0,0
2026-03-11T05:45:01,0,0,0
2026-03-11T05:46:01,0,0,0
2026-03-11T05:47:01,0,0,0
2026-03-11T05:48:01,0,0,0
2026-03-11T05:49:01,0,0,0
2026-03-11T05:50:01,0,0,0
2026-03-11T05:51:01,0,0,0
2026-03-11T05:52:01,0,0,0
2026-03-11T05:53:01,0,0,0
2026-03-11T05:54:01,0,0,0
2026-03-11T05:55:01,0,0,0
2026-03-11T05:56:01,0,0,0
2026-03-11T05:57:01,0,0,0
2026-03-11T05:58:01,0,0,0
2026-03-11T05:59:01,0,0,0
2026-03-11T06:00:01,0,0,0
2026-03-11T06:01:01,0,0,0
2026-03-11T06:02:01,0,0,0
2026-03-11T06:03:01,0,0,0
2026-03-11T06:04:01,0,0,0
2026-03-11T06:05:01,0,0,0
2026-03-11T06:06:01,0,0,0
2026-03-11T06:07:01,0,0,0
2026-03-11T06:08:01,0,0,0
2026-03-11T06:09:01,0,0,0
2026-03-11T06:10:01,0,0,0
2026-03-11T06:11:01,0,0,0
2026-03-11T06:12:01,0,0,0
2026-03-11T06:13:01,0,0,0
2026-03-11T06:14:01,0,0,0
2026-03-11T06:15:01,0,0,0
2026-03-11T06:16:01,0,0,0
2026-03-11T06:17:01,0,0,0
2026-03-11T06:18:01,0,0,0
2026-03-11T06:19:01,0,0,0
2026-03-11T06:20:01,0,0,0
2026-03-11T06:21:01,0,0,0
2026-03-11T06:22:01,0,0,0
2026-03-11T06:23:01,0,0,0
2026-03-11T06:24:01,0,0,0
2026-03-11T06:25:01,0,0,0
2026-03-11T06:26:01,0,0,0
2026-03-11T06:27:01,0,0,0
2026-03-11T06:28:01,0,0,0
2026-03-11T06:29:01,0,0,0
2026-03-11T06:30:01,0,0,0
2026-03-11T06:31:01,0,0,0
2026-03-11T06:32:01,0,0,0
2026-03-11T06:33:01,0,0,0
2026-03-11T06:34:01,0,0,0
2026-03-11T06:35:01,0,0,0
2026-03-11T06:36:01,0,0,0
2026-03-11T06:37:01,0,0,0
2026-03-11T06:38:01,0,0,0
2026-03-11T06:39:01,0,0,0
2026-03-11T06:40:01,0,0,0
2026-03-11T06:41:01,0,0,0
2026-03-11T06:42:01,0,0,0
2026-03-11T06:43:01,0,0,0
2026-03-11T06:44:01,0,0,0
2026-03-11T06:45:01,0,0,0
2026-03-11T06:46:01,0,0,0
2026-03-11T06:47:01,0,0,0
2026-03-11T06:48:01,0,0,0
2026-03-11T06:49:01,0,0,0
2026-03-11T06:50:01,0,0,0
2026-03-11T06:51:01,0,0,0
2026-03-11T06:52:01,0,0,0
2026-03-11T06:53:01,0,0,0
2026-03-11T06:54:01,0,0,0
2026-03-11T06:55:01,0,0,0
2026-03-11T06:56:01,0,0,0
2026-03-11T06:57:01,0,0,0
2026-03-11T06:58:01,0,0,0
2026-03-11T06:59:01,0,0,0
2026-03-11T07:00:01,0,0,0
2026-03-11T07:01:01,0,0,0
2026-03-11T07:02:01,0,0,0
2026-03-11T07:03:01,0,0,0
2026-03-11T07:04:01,0,0,0
2026-03-11T07:05:01,0,0,0
2026-03-11T07:06:01,0,0,0
2026-03-11T07:07:01,0,0,0
2026-03-11T07:08:01,0,0,0
2026-03-11T07:09:01,0,0,0
2026-03-11T07:10:01,0,0,0
2026-03-11T07:11:01,0,0,0
2026-03-11T07:12:01,0,0,0
2026-03-11T07:13:01,0,0,0
2026-03-11T07:14:01,0,0,0
2026-03-11T07:15:01,0,0,0
2026-03-11T07:16:01,0,0,0
2026-03-11T07:17:01,0,0,0
2026-03-11T07:18:01,0,0,0
2026-03-11T07:19:01,0,0,0
2026-03-11T07:20:01,0,0,0
2026-03-11T07:21:01,0,0,0
2026-03-11T07:22:01,0,0,0
2026-03-11T07:23:01,0,0,0
2026-03-11T07:24:01,0,0,0
2026-03-11T07:25:01,0,0,0
2026-03-11T07:26:01,0,0,0
2026-03-11T07:27:01,0,0,0
2026-03-11T07:28:01,0,0,0
2026-03-11T07:29:01,0,0,0
2026-03-11T07:30:01,0,0,0
2026-03-11T07:31:01,0,0,0
2026-03-11T07:32:01,0,0,0
2026-03-11T07:33:01,0,0,0
2026-03-11T07:34:01,0,0,0
2026-03-11T07:35:01,0,0,0
2026-03-11T07:36:01,0,0,0
2026-03-11T07:37:01,0,0,0
2026-03-11T07:38:01,0,0,0
2026-03-11T07:39:01,0,0,0
2026-03-11T07:40:01,0,0,0
2026-03-11T07:41:01,0,0,0
2026-03-11T07:42:01,0,0,0
2026-03-11T07:43:01,0,0,0
2026-03-11T07:44:01,0,0,0
2026-03-11T07:45:01,0,0,0
2026-03-11T07:46:01,0,0,0
2026-03-11T07:47:01,0,0,0
2026-03-11T07:48:01,0,0,0
2026-03-11T07:49:01,0,0,0
2026-03-11T07:50:01,0,0,0
2026-03-11T07:51:01,0,0,0
2026-03-11T07:52:01,0,0,0
2026-03-11T07:53:01,0,0,0
2026-03-11T07:54:01,0,0,0
2026-03-11T07:55:01,0,0,0
2026-03-11T07:56:01,0,0,0
2026-03-11T07:57:01,0,0,0
2026-03-11T07:58:01,0,0,0
2026-03-11T07:59:01,0,0,0
2026-03-11T08:00:01,0,0,0
2026-03-11T08:01:01,0,0,0
2026-03-11T08:02:01,0,0,0
2026-03-11T08:03:01,0,0,0
2026-03-11T08:04:01,0,0,0
2026-03-11T08:05:01,0,0,0
2026-03-11T08:06:01,0,0,0
2026-03-11T08:07:01,0,0,0
2026-03-11T08:08:01,0,0,0
2026-03-11T08:09:01,0,0,0
2026-03-11T08:10:01,0,0,0
2026-03-11T08:11:01,0,0,0
2026-03-11T08:12:01,0,0,0
2026-03-11T08:13:01,0,0,0
2026-03-11T08:14:01,0,0,0
2026-03-11T08:15:01,0,0,0
2026-03-11T08:16:01,0,0,0
2026-03-11T08:17:01,0,0,0
2026-03-11T08:18:01,0,0,0
2026-03-11T08:19:01,0,0,0
2026-03-11T08:20:01,0,0,0
2026-03-11T08:21:01,0,0,0
2026-03-11T08:22:01,0,0,0
2026-03-11T08:23:01,0,0,0
2026-03-11T08:24:01,0,0,0
2026-03-11T08:25:01,0,0,0
2026-03-11T08:26:01,0,0,0
2026-03-11T08:27:01,0,0,0
2026-03-11T08:28:01,0,0,0
2026-03-11T08:29:01,0,0,0
2026-03-11T08:30:01,0,0,0
2026-03-11T08:31:01,0,0,0
2026-03-11T08:32:01,0,0,0
2026-03-11T08:33:01,0,0,0
2026-03-11T08:34:01,0,0,0
2026-03-11T08:35:01,0,0,0
2026-03-11T08:36:01,0,0,0
2026-03-11T08:37:01,0,0,0
2026-03-11T08:38:01,0,0,0
2026-03-11T08:39:01,0,0,0
2026-03-11T08:40:01,0,0,0
2026-03-11T08:41:01,0,0,0
2026-03-11T08:42:01,0,0,0
2026-03-11T08:43:01,0,0,0
2026-03-11T08:44:01,0,0,0
2026-03-11T08:45:01,0,0,0
2026-03-11T08:46:01,0,0,0
2026-03-11T08:47:01,0,0,0
2026-03-11T08:48:01,0,0,0
2026-03-11T08:49:01,0,0,0
2026-03-11T08:50:01,0,0,0
2026-03-11T08:51:01,0,0,0
2026-03-11T08:52:01,0,0,0
2026-03-11T08:53:01,0,0,0
2026-03-11T08:54:01,0,0,0
2026-03-11T08:55:01,0,0,0
2026-03-11T08:56:01,0,0,0
2026-03-11T08:57:01,0,0,0
2026-03-11T08:58:01,0,0,0
2026-03-11T08:59:01,0,0,0
2026-03-11T09:00:01,0,0,0
2026-03-11T09:01:01,0,0,0
2026-03-11T09:02:01,0,0,0
2026-03-11T09:03:01,0,0,0
2026-03-11T09:04:01,0,0,0
2026-03-11T09:05:01,0,0,0
2026-03-11T09:06:01,0,0,0
2026-03-11T09:07:01,0,0,0
2026-03-11T09:08:01,0,0,0
2026-03-11T09:09:01,0,0,0
2026-03-11T09:10:01,0,0,0
2026-03-11T09:11:01,0,0,0
2026-03-11T09:12:01,0,0,0
2026-03-11T09:13:01,0,0,0
2026-03-11T09:14:01,0,0,0
2026-03-11T09:15:01,0,0,0
2026-03-11T09:16:01,0,0,0
2026-03-11T09:17:01,0,0,0
2026-03-11T09:18:01,0,0,0
2026-03-11T09:19:01,0,0,0
2026-03-11T09:20:01,0,0,0
2026-03-11T09:21:01,0,0,0
2026-03-11T09:22:01,0,0,0
2026-03-11T09:23:01,0,0,0
2026-03-11T09:24:01,0,0,0
2026-03-11T09:25:01,0,0,0
2026-03-11T09:26:01,0,0,0
2026-03-11T09:27:01,0,0,0
2026-03-11T09:28:01,0,0,0
2026-03-11T09:29:01,0,0,0
2026-03-11T09:30:01,0,0,0
2026-03-11T09:31:01,0,0,0
2026-03-11T09:32:01,0,0,0
2026-03-11T09:33:01,0,0,0
2026-03-11T09:34:01,0,0,0
2026-03-11T09:35:01,0,0,0
2026-03-11T09:36:01,0,0,0
2026-03-11T09:37:01,0,0,0
2026-03-11T09:38:01,0,0,0
2026-03-11T09:39:01,0,0,0
2026-03-11T09:40:01,0,0,0
2026-03-11T09:41:01,0,0,0
2026-03-11T09:42:01,0,0,0
2026-03-11T09:43:01,0,0,0
2026-03-11T09:44:01,0,0,0
2026-03-11T09:45:01,0,0,0
2026-03-11T09:46:01,0,0,0
2026-03-11T09:47:01,0,0,0
2026-03-11T09:48:01,0,0,0
2026-03-11T09:49:01,0,0,0
2026-03-11T09:50:01,0,0,0
2026-03-11T09:51:01,0,0,0
2026-03-11T09:52:01,0,0,0
2026-03-11T09:53:01,0,0,0
2026-03-11T09:54:01,0,0,0
2026-03-11T09:55:01,0,0,0
2026-03-11T09:56:01,0,0,0
2026-03-11T09:57:01,0,0,0
2026-03-11T09:58:01,0,0,0
2026-03-11T09:59:01,0,0,0
2026-03-11T10:00:01,0,0,0
2026-03-11T10:01:01,0,0,0
2026-03-11T10:02:01,0,0,0
2026-03-11T10:03:01,0,0,0
2026-03-11T10:04:01,0,0,0
2026-03-11T10:05:01,0,0,0
2026-03-11T10:06:01,0,0,0
2026-03-11T10:07:01,0,0,0
2026-03-11T10:08:01,0,0,0
2026-03-11T10:09:01,0,0,0
2026-03-11T10:10:01,0,0,0
2026-03-11T10:11:01,0,0,0
2026-03-11T10:12:01,0,0,0
2026-03-11T10:13:01,0,0,0
2026-03-11T10:14:01,0,0,0
2026-03-11T10:15:01,0,0,0
2026-03-11T10:16:01,0,0,0
2026-03-11T10:17:01,0,0,0
2026-03-11T10:18:01,0,0,0
2026-03-11T10:19:01,0,0,0
2026-03-11T10:20:01,0,0,0
2026-03-11T10:21:01,0,0,0
2026-03-11T10:22:01,0,0,0
2026-03-11T10:23:01,0,0,0
2026-03-11T10:24:01,0,0,0
2026-03-11T10:25:01,0,0,0
2026-03-11T10:26:01,0,0,0
2026-03-11T10:27:01,0,0,0
