timestamp,waiting_jobs
2026-06-15T10:21:02,1
2026-06-15T10:22:02,1
2026-06-15T10:23:02,0
2026-06-15T10:24:02,0
2026-06-15T10:25:02,0
2026-06-15T10:26:02,0
2026-06-15T10:27:02,0
2026-06-15T10:28:02,0
2026-06-15T10:29:02,0
2026-06-15T10:30:02,0
2026-06-15T10:31:02,0
2026-06-15T10:32:02,0
2026-06-15T10:33:02,0
2026-06-15T10:34:02,0
2026-06-15T10:35:02,0
2026-06-15T10:36:02,10
2026-06-15T10:37:02,8
2026-06-15T10:38:02,0
2026-06-15T10:39:02,0
2026-06-15T10:40:02,0
2026-06-15T10:41:02,20
2026-06-15T10:42:02,2
2026-06-15T10:43:02,0
2026-06-15T10:44:02,0
2026-06-15T10:45:02,0
2026-06-15T10:46:02,6
2026-06-15T10:47:02,23
2026-06-15T10:48:02,2
2026-06-15T10:49:02,0
2026-06-15T10:50:02,0
2026-06-15T10:51:02,4
2026-06-15T10:52:02,0
2026-06-15T10:53:02,0
2026-06-15T10:54:02,0
2026-06-15T10:55:02,0
2026-06-15T10:56:02,0
2026-06-15T10:57:02,0
2026-06-15T10:58:02,0
2026-06-15T10:59:02,0
2026-06-15T11:00:02,0
2026-06-15T11:01:02,0
2026-06-15T11:02:02,0
2026-06-15T11:03:02,14
2026-06-15T11:04:02,17
2026-06-15T11:05:02,2
2026-06-15T11:06:02,23
2026-06-15T11:07:02,7
2026-06-15T11:08:02,0
2026-06-15T11:09:02,0
2026-06-15T11:10:02,0
2026-06-15T11:11:02,0
2026-06-15T11:12:02,0
2026-06-15T11:13:02,0
2026-06-15T11:14:02,0
2026-06-15T11:15:02,0
2026-06-15T11:16:02,0
2026-06-15T11:17:02,6
2026-06-15T11:18:02,4
2026-06-15T11:19:02,0
2026-06-15T11:20:02,0
2026-06-15T11:21:02,20
2026-06-15T11:22:02,20
2026-06-15T11:23:02,0
2026-06-15T11:24:02,0
2026-06-15T11:25:02,0
2026-06-15T11:26:02,19
2026-06-15T11:27:02,4
2026-06-15T11:28:02,0
2026-06-15T11:29:02,0
2026-06-15T11:30:02,0
2026-06-15T11:31:02,35
2026-06-15T11:32:02,4
2026-06-15T11:33:02,0
2026-06-15T11:34:02,0
2026-06-15T11:35:02,0
2026-06-15T11:36:02,27
2026-06-15T11:37:02,11
2026-06-15T11:38:02,1
2026-06-15T11:39:02,0
2026-06-15T11:40:02,0
2026-06-15T11:41:02,30
2026-06-15T11:42:02,42
2026-06-15T11:43:02,15
2026-06-15T11:44:02,0
2026-06-15T11:45:02,0
2026-06-15T11:46:02,45
2026-06-15T11:47:02,31
2026-06-15T11:48:02,7
2026-06-15T11:49:02,0
2026-06-15T11:50:02,0
2026-06-15T11:51:02,85
2026-06-15T11:52:02,21
2026-06-15T11:53:02,18
2026-06-15T11:54:02,2
2026-06-15T11:55:02,3
2026-06-15T11:56:02,118
2026-06-15T11:57:02,155
2026-06-15T11:58:02,139
2026-06-15T11:59:02,122
2026-06-15T12:00:02,105
2026-06-15T12:01:02,291
2026-06-15T12:02:02,254
2026-06-15T12:03:02,232
2026-06-15T12:04:02,209
2026-06-15T12:05:02,186
2026-06-15T12:06:02,373
2026-06-15T12:07:02,376
2026-06-15T12:08:02,324
2026-06-15T12:09:02,299
2026-06-15T12:10:02,269
2026-06-15T12:11:02,410
2026-06-15T12:12:02,373
2026-06-15T12:13:02,333
2026-06-15T12:14:02,291
2026-06-15T12:15:02,246
2026-06-15T12:16:02,500
2026-06-15T12:17:02,606
2026-06-15T12:18:02,539
2026-06-15T12:19:02,469
2026-06-15T12:20:02,424
2026-06-15T12:21:02,563
2026-06-15T12:22:02,505
2026-06-15T12:23:02,444
2026-06-15T12:24:02,367
2026-06-15T12:25:02,311
2026-06-15T12:26:02,592
2026-06-15T12:27:02,632
2026-06-15T12:28:02,576
2026-06-15T12:29:02,526
2026-06-15T12:30:02,460
2026-06-15T12:31:02,574
2026-06-15T12:32:02,530
2026-06-15T12:33:02,476
2026-06-15T12:34:02,444
2026-06-15T12:35:02,425
2026-06-15T12:36:02,730
2026-06-15T12:37:02,829
2026-06-15T12:38:02,809
2026-06-15T12:39:02,789
2026-06-15T12:40:02,764
2026-06-15T12:41:02,968
2026-06-15T12:42:02,1002
2026-06-15T12:43:02,974
2026-06-15T12:44:02,942
2026-06-15T12:45:02,922
2026-06-15T12:46:02,1111
2026-06-15T12:47:02,1139
2026-06-15T12:48:02,1115
2026-06-15T12:49:02,1084
2026-06-15T12:50:02,1055
2026-06-15T12:51:02,1212
2026-06-15T12:52:02,1190
2026-06-15T12:53:02,1175
2026-06-15T12:54:02,1164
2026-06-15T12:55:02,1160
2026-06-15T12:56:02,1424
2026-06-15T12:57:02,1466
2026-06-15T12:58:02,1456
2026-06-15T12:59:02,1436
2026-06-15T13:00:02,1411
2026-06-15T13:01:02,1599
2026-06-15T13:02:02,1823
2026-06-15T13:03:02,1854
2026-06-15T13:04:02,1813
2026-06-15T13:05:02,1787
2026-06-15T13:06:02,2123
2026-06-15T13:07:02,2393
2026-06-15T13:08:02,2623
2026-06-15T13:09:02,2733
2026-06-15T13:10:02,2697
2026-06-15T13:11:02,2900
2026-06-15T13:12:02,3131
2026-06-15T13:13:02,3140
2026-06-15T13:14:02,3109
2026-06-15T13:15:02,3077
2026-06-15T13:16:02,3329
2026-06-15T13:17:02,3595
2026-06-15T13:18:02,3571
2026-06-15T13:19:02,3502
2026-06-15T13:20:02,3442
2026-06-15T13:21:02,3620
2026-06-15T13:22:02,3784
2026-06-15T13:23:02,3725
2026-06-15T13:24:02,3674
2026-06-15T13:25:02,3612
2026-06-15T13:26:02,3930
2026-06-15T13:27:02,4206
2026-06-15T13:28:02,4207
2026-06-15T13:29:02,4152
2026-06-15T13:30:02,4090
2026-06-15T13:31:02,4249
2026-06-15T13:32:02,4199
2026-06-15T13:33:02,4137
2026-06-15T13:34:02,4061
2026-06-15T13:35:02,3958
2026-06-15T13:36:02,4201
2026-06-15T13:37:02,4327
2026-06-15T13:38:02,4265
2026-06-15T13:39:02,4223
2026-06-15T13:40:02,4192
2026-06-15T13:41:02,4317
2026-06-15T13:42:02,4284
2026-06-15T13:43:02,4250
2026-06-15T13:44:02,4218
2026-06-15T13:45:02,4186
2026-06-15T13:46:02,4500
2026-06-15T13:47:02,4663
2026-06-15T13:48:02,4635
2026-06-15T13:49:02,4608
2026-06-15T13:50:02,4584
2026-06-15T13:51:02,4789
2026-06-15T13:52:02,4856
2026-06-15T13:53:02,4821
2026-06-15T13:54:02,4786
2026-06-15T13:55:02,4748
2026-06-15T13:56:02,5060
2026-06-15T13:57:02,5262
2026-06-15T13:58:02,5222
2026-06-15T13:59:02,5186
2026-06-15T14:00:02,5157
2026-06-15T14:01:02,5359
2026-06-15T14:02:02,5642
2026-06-15T14:03:02,5779
2026-06-15T14:04:02,5936
2026-06-15T14:05:02,5937
2026-06-15T14:06:02,6234
2026-06-15T14:07:02,6488
2026-06-15T14:08:02,6678
2026-06-15T14:09:02,6683
2026-06-15T14:10:02,6654
2026-06-15T14:11:02,6845
2026-06-15T14:12:02,7070
2026-06-15T14:13:02,7183
2026-06-15T14:14:02,7169
2026-06-15T14:15:02,7152
2026-06-15T14:16:02,7451
2026-06-15T14:17:02,7682
2026-06-15T14:18:02,7658
2026-06-15T14:19:02,7634
2026-06-15T14:20:02,7600
2026-06-15T14:21:02,7776
2026-06-15T14:22:02,7858
2026-06-15T14:23:02,7824
2026-06-15T14:24:02,7792
2026-06-15T14:25:02,7763
2026-06-15T14:26:02,8034
2026-06-15T14:27:02,8074
2026-06-15T14:28:02,8049
2026-06-15T14:29:02,8027
2026-06-15T14:30:02,8011
2026-06-15T14:31:02,8233
2026-06-15T14:32:02,8382
2026-06-15T14:33:02,8346
2026-06-15T14:34:02,8314
2026-06-15T14:35:02,8282
2026-06-15T14:36:02,8563
2026-06-15T14:37:02,8598
2026-06-15T14:38:02,8558
2026-06-15T14:39:02,8517
2026-06-15T14:40:02,8476
2026-06-15T14:41:02,8621
2026-06-15T14:42:02,8674
2026-06-15T14:43:02,8610
2026-06-15T14:44:02,8538
2026-06-15T14:45:02,8441
2026-06-15T14:46:02,8613
2026-06-15T14:47:02,8718
2026-06-15T14:48:02,8623
2026-06-15T14:49:02,8525
2026-06-15T14:50:02,8440
2026-06-15T14:51:02,8529
2026-06-15T14:52:02,8559
2026-06-15T14:53:02,8504
2026-06-15T14:54:02,8450
2026-06-15T14:55:02,8407
2026-06-15T14:56:02,8608
2026-06-15T14:57:02,8728
2026-06-15T14:58:02,8678
2026-06-15T14:59:02,8617
2026-06-15T15:00:02,8547
2026-06-15T15:01:02,8707
2026-06-15T15:02:02,8781
2026-06-15T15:03:02,8714
2026-06-15T15:04:02,8640
2026-06-15T15:05:02,8567
2026-06-15T15:06:02,8884
2026-06-15T15:07:02,9151
2026-06-15T15:08:02,9283
2026-06-15T15:09:02,9259
2026-06-15T15:10:02,9228
2026-06-15T15:11:02,9437
2026-06-15T15:12:02,9657
2026-06-15T15:13:02,9757
2026-06-15T15:14:02,9698
2026-06-15T15:15:02,9652
2026-06-15T15:16:02,9888
2026-06-15T15:17:02,10023
2026-06-15T15:18:02,9953
2026-06-15T15:19:02,9880
2026-06-15T15:20:02,9793
2026-06-15T15:21:02,9959
2026-06-15T15:22:02,10033
2026-06-15T15:23:02,9956
2026-06-15T15:24:02,9871
2026-06-15T15:25:02,9805
2026-06-15T15:26:02,10081
2026-06-15T15:27:02,10347
2026-06-15T15:28:02,10370
2026-06-15T15:29:02,10349
2026-06-15T15:30:02,10314
2026-06-15T15:31:02,10531
2026-06-15T15:32:02,10697
2026-06-15T15:33:02,10680
2026-06-15T15:34:02,10651
2026-06-15T15:35:02,10613
2026-06-15T15:36:02,10863
2026-06-15T15:37:02,11086
2026-06-15T15:38:02,11036
2026-06-15T15:39:02,10959
2026-06-15T15:40:02,10847
2026-06-15T15:41:02,11005
2026-06-15T15:42:02,11122
2026-06-15T15:43:02,11047
2026-06-15T15:44:02,10956
2026-06-15T15:45:02,10862
2026-06-15T15:46:02,11114
2026-06-15T15:47:02,11197
2026-06-15T15:48:02,11097
2026-06-15T15:49:02,11004
2026-06-15T15:50:02,10904
2026-06-15T15:51:02,11045
2026-06-15T15:52:02,11194
2026-06-15T15:53:02,11072
2026-06-15T15:54:02,10914
2026-06-15T15:55:02,10809
2026-06-15T15:56:02,11050
2026-06-15T15:57:02,11306
2026-06-15T15:58:02,11476
2026-06-15T15:59:02,11445
2026-06-15T16:00:02,11392
2026-06-15T16:01:02,11536
2026-06-15T16:02:02,11556
2026-06-15T16:03:02,11502
2026-06-15T16:04:02,11467
2026-06-15T16:05:02,11432
2026-06-15T16:06:02,11703
2026-06-15T16:07:02,11746
2026-06-15T16:08:02,11717
2026-06-15T16:09:02,11695
2026-06-15T16:10:02,11676
2026-06-15T16:11:02,11871
2026-06-15T16:12:02,12020
2026-06-15T16:13:02,12004
2026-06-15T16:14:02,11978
2026-06-15T16:15:02,11954
2026-06-15T16:16:02,12235
2026-06-15T16:17:02,12285
2026-06-15T16:18:02,12247
2026-06-15T16:19:02,12206
2026-06-15T16:20:02,12151
2026-06-15T16:21:02,12264
2026-06-15T16:22:02,12231
2026-06-15T16:23:02,12185
2026-06-15T16:24:02,12134
2026-06-15T16:25:02,12089
2026-06-15T16:26:02,12268
2026-06-15T16:27:02,12278
2026-06-15T16:28:02,12231
2026-06-15T16:29:02,12162
2026-06-15T16:30:02,12102
2026-06-15T16:31:02,12119
2026-06-15T16:32:02,12058
2026-06-15T16:33:02,12011
2026-06-15T16:34:02,11954
2026-06-15T16:35:02,11904
2026-06-15T16:36:02,12158
2026-06-15T16:37:02,12183
2026-06-15T16:38:02,12105
2026-06-15T16:39:02,12041
2026-06-15T16:40:02,11977
2026-06-15T16:41:02,12131
2026-06-15T16:42:02,12099
2026-06-15T16:43:02,12029
2026-06-15T16:44:02,11971
2026-06-15T16:45:02,11912
2026-06-15T16:46:02,12086
2026-06-15T16:47:02,12092
2026-06-15T16:48:02,12033
2026-06-15T16:49:02,11977
2026-06-15T16:50:02,11923
2026-06-15T16:51:02,12070
2026-06-15T16:52:02,12035
2026-06-15T16:53:02,11998
2026-06-15T16:54:02,11967
2026-06-15T16:55:02,11935
2026-06-15T16:56:02,12263
2026-06-15T16:57:02,12549
2026-06-15T16:58:02,12654
2026-06-15T16:59:02,12607
2026-06-15T17:00:02,12550
2026-06-15T17:01:02,12737
2026-06-15T17:02:02,12931
2026-06-15T17:03:02,12933
2026-06-15T17:04:02,12862
2026-06-15T17:05:02,12794
2026-06-15T17:06:02,13046
2026-06-15T17:07:02,13183
2026-06-15T17:08:02,13084
2026-06-15T17:09:02,13005
2026-06-15T17:10:02,12916
2026-06-15T17:11:02,13029
2026-06-15T17:12:02,13155
2026-06-15T17:13:02,13219
2026-06-15T17:14:02,13151
2026-06-15T17:15:02,13105
2026-06-15T17:16:02,13384
2026-06-15T17:17:02,13629
2026-06-15T17:18:02,13652
2026-06-15T17:19:02,13646
2026-06-15T17:20:02,13642
2026-06-15T17:21:02,13782
2026-06-15T17:22:02,13894
2026-06-15T17:23:02,13883
2026-06-15T17:24:02,13858
2026-06-15T17:25:02,13844
2026-06-15T17:26:02,14042
2026-06-15T17:27:02,14077
2026-06-15T17:28:02,14057
2026-06-15T17:29:02,14029
2026-06-15T17:30:02,14000
2026-06-15T17:31:02,14062
2026-06-15T17:32:02,14048
2026-06-15T17:33:02,14006
2026-06-15T17:34:02,13958
2026-06-15T17:35:02,13923
2026-06-15T17:36:02,14221
2026-06-15T17:37:02,14339
2026-06-15T17:38:02,14289
2026-06-15T17:39:02,14237
2026-06-15T17:40:02,14190
2026-06-15T17:41:02,14309
2026-06-15T17:42:02,14368
2026-06-15T17:43:02,14379
2026-06-15T17:44:02,14320
2026-06-15T17:45:02,14273
2026-06-15T17:46:02,14479
2026-06-15T17:47:02,14662
2026-06-15T17:48:02,14806
2026-06-15T17:49:02,14886
2026-06-15T17:50:02,14902
2026-06-15T17:51:02,14867
2026-06-15T17:52:02,14819
2026-06-15T17:53:02,14790
2026-06-15T17:54:02,14760
2026-06-15T17:55:02,14726
2026-06-15T17:56:02,14704
2026-06-15T17:57:02,14667
2026-06-15T17:58:02,14629
2026-06-15T17:59:02,14577
2026-06-15T18:00:02,14527
2026-06-15T18:01:02,14480
2026-06-15T18:02:02,14433
2026-06-15T18:03:02,14388
2026-06-15T18:04:02,14335
2026-06-15T18:05:02,14278
2026-06-15T18:06:02,14219
2026-06-15T18:07:02,14172
2026-06-15T18:08:02,14116
2026-06-15T18:09:02,14080
2026-06-15T18:10:02,14047
2026-06-15T18:11:02,14007
2026-06-15T18:12:02,13970
2026-06-15T18:13:02,13925
2026-06-15T18:14:02,13881
2026-06-15T18:15:02,13845
2026-06-15T18:16:02,13790
2026-06-15T18:17:02,13751
2026-06-15T18:18:02,13707
2026-06-15T18:19:02,13674
2026-06-15T18:20:02,13641
2026-06-15T18:21:02,13605
2026-06-15T18:22:02,13571
2026-06-15T18:23:02,13532
2026-06-15T18:24:02,13503
2026-06-15T18:25:02,13463
2026-06-15T18:26:02,13421
2026-06-15T18:27:02,13386
2026-06-15T18:28:02,13353
2026-06-15T18:29:02,13316
2026-06-15T18:30:02,13277
2026-06-15T18:31:02,13236
2026-06-15T18:32:02,13201
2026-06-15T18:33:02,13150
2026-06-15T18:34:02,13119
2026-06-15T18:35:02,13081
2026-06-15T18:36:02,13042
2026-06-15T18:37:02,13011
2026-06-15T18:38:02,12973
2026-06-15T18:39:02,12944
2026-06-15T18:40:02,12919
2026-06-15T18:41:02,12894
2026-06-15T18:42:02,12861
2026-06-15T18:43:02,12825
2026-06-15T18:44:02,12785
2026-06-15T18:45:02,12740
2026-06-15T18:46:02,12692
2026-06-15T18:47:02,12638
2026-06-15T18:48:02,12577
2026-06-15T18:49:02,12534
2026-06-15T18:50:02,12474
2026-06-15T18:51:02,12420
2026-06-15T18:52:02,12366
2026-06-15T18:53:02,12313
2026-06-15T18:54:02,12274
2026-06-15T18:55:02,12236
2026-06-15T18:56:02,12184
2026-06-15T18:57:02,12134
2026-06-15T18:58:02,12091
2026-06-15T18:59:02,12058
2026-06-15T19:00:02,12026
2026-06-15T19:01:02,11988
2026-06-15T19:02:02,11954
2026-06-15T19:03:02,11936
2026-06-15T19:04:02,11914
2026-06-15T19:05:02,11895
2026-06-15T19:06:02,11882
2026-06-15T19:07:02,11863
2026-06-15T19:08:02,11839
2026-06-15T19:09:02,11817
2026-06-15T19:10:02,11792
2026-06-15T19:11:02,11766
2026-06-15T19:12:02,11739
2026-06-15T19:13:02,11706
2026-06-15T19:14:02,11685
2026-06-15T19:15:02,11664
2026-06-15T19:16:02,11636
2026-06-15T19:17:02,11615
2026-06-15T19:18:02,11584
2026-06-15T19:19:02,11553
2026-06-15T19:20:02,11526
2026-06-15T19:21:02,11499
2026-06-15T19:22:02,11464
2026-06-15T19:23:02,11438
2026-06-15T19:24:02,11389
2026-06-15T19:25:02,11354
2026-06-15T19:26:02,11313
2026-06-15T19:27:02,11268
2026-06-15T19:28:02,11218
2026-06-15T19:29:02,11173
2026-06-15T19:30:02,11125
2026-06-15T19:31:02,11090
2026-06-15T19:32:02,11048
2026-06-15T19:33:02,10987
2026-06-15T19:34:02,10943
2026-06-15T19:35:02,10909
2026-06-15T19:36:02,10875
2026-06-15T19:37:02,10826
2026-06-15T19:38:02,10789
2026-06-15T19:39:02,10762
2026-06-15T19:40:02,10735
2026-06-15T19:41:02,10713
2026-06-15T19:42:02,10701
2026-06-15T19:43:02,10683
2026-06-15T19:44:02,10666
2026-06-15T19:45:02,10645
2026-06-15T19:46:02,10621
2026-06-15T19:47:02,10596
2026-06-15T19:48:02,10560
2026-06-15T19:49:02,10510
2026-06-15T19:50:02,10463
2026-06-15T19:51:02,10420
2026-06-15T19:52:02,10382
2026-06-15T19:53:02,10338
2026-06-15T19:54:02,10290
2026-06-15T19:55:02,10241
2026-06-15T19:56:02,10198
2026-06-15T19:57:02,10155
2026-06-15T19:58:02,10116
2026-06-15T19:59:02,10085
2026-06-15T20:00:02,10048
2026-06-15T20:01:02,10005
2026-06-15T20:02:02,9974
2026-06-15T20:03:02,9943
2026-06-15T20:04:02,9899
2026-06-15T20:05:02,9861
2026-06-15T20:06:02,9823
2026-06-15T20:07:02,9774
2026-06-15T20:08:02,9742
2026-06-15T20:09:02,9702
2026-06-15T20:10:02,9665
2026-06-15T20:11:02,9637
2026-06-15T20:12:02,9598
2026-06-15T20:13:02,9570
2026-06-15T20:14:02,9525
2026-06-15T20:15:02,9472
2026-06-15T20:16:02,9425
2026-06-15T20:17:02,9363
2026-06-15T20:18:02,9317
2026-06-15T20:19:02,9260
2026-06-15T20:20:02,9210
2026-06-15T20:21:02,9163
2026-06-15T20:22:02,9115
2026-06-15T20:23:02,9056
2026-06-15T20:24:02,8999
2026-06-15T20:25:02,8947
2026-06-15T20:26:02,8887
2026-06-15T20:27:02,8842
2026-06-15T20:28:02,8790
2026-06-15T20:29:02,8750
2026-06-15T20:30:02,8713
2026-06-15T20:31:02,8683
2026-06-15T20:32:02,8641
2026-06-15T20:33:02,8606
2026-06-15T20:34:02,8573
2026-06-15T20:35:02,8543
2026-06-15T20:36:02,8496
2026-06-15T20:37:02,8457
2026-06-15T20:38:02,8417
2026-06-15T20:39:02,8371
2026-06-15T20:40:02,8333
2026-06-15T20:41:02,8292
2026-06-15T20:42:02,8244
2026-06-15T20:43:02,8183
2026-06-15T20:44:02,8149
2026-06-15T20:45:02,8106
2026-06-15T20:46:02,8061
2026-06-15T20:47:02,8020
2026-06-15T20:48:02,7975
2026-06-15T20:49:02,7932
2026-06-15T20:50:02,7880
2026-06-15T20:51:02,7817
2026-06-15T20:52:02,7758
2026-06-15T20:53:02,7706
2026-06-15T20:54:02,7661
2026-06-15T20:55:02,7621
2026-06-15T20:56:02,7579
2026-06-15T20:57:02,7524
2026-06-15T20:58:02,7480
2026-06-15T20:59:02,7442
2026-06-15T21:00:02,7404
2026-06-15T21:01:02,7370
2026-06-15T21:02:02,7333
2026-06-15T21:03:02,7283
2026-06-15T21:04:02,7236
2026-06-15T21:05:02,7193
2026-06-15T21:06:02,7159
2026-06-15T21:07:02,7128
2026-06-15T21:08:02,7097
2026-06-15T21:09:02,7056
2026-06-15T21:10:02,7012
2026-06-15T21:11:02,6940
2026-06-15T21:12:02,6872
2026-06-15T21:13:02,6825
2026-06-15T21:14:02,6796
2026-06-15T21:15:02,6750
2026-06-15T21:16:02,6709
2026-06-15T21:17:02,6673
2026-06-15T21:18:02,6629
2026-06-15T21:19:02,6584
2026-06-15T21:20:02,6519
2026-06-15T21:21:02,6447
2026-06-15T21:22:02,6395
2026-06-15T21:23:02,6342
2026-06-15T21:24:02,6297
2026-06-15T21:25:02,6258
2026-06-15T21:26:02,6230
2026-06-15T21:27:02,6211
2026-06-15T21:28:02,6185
2026-06-15T21:29:02,6155
2026-06-15T21:30:02,6106
2026-06-15T21:31:02,6057
2026-06-15T21:32:02,6006
2026-06-15T21:33:02,5960
2026-06-15T21:34:02,5917
2026-06-15T21:35:02,5877
2026-06-15T21:36:02,5850
2026-06-15T21:37:02,5827
2026-06-15T21:38:02,5797
2026-06-15T21:39:02,5763
2026-06-15T21:40:02,5737
2026-06-15T21:41:02,5699
2026-06-15T21:42:02,5653
2026-06-15T21:43:02,5606
2026-06-15T21:44:02,5556
2026-06-15T21:45:02,5509
2026-06-15T21:46:02,5456
2026-06-15T21:47:02,5392
2026-06-15T21:48:02,5340
2026-06-15T21:49:02,5290
2026-06-15T21:50:02,5251
2026-06-15T21:51:02,5210
2026-06-15T21:52:02,5178
2026-06-15T21:53:02,5147
2026-06-15T21:54:02,5110
2026-06-15T21:55:02,5065
2026-06-15T21:56:02,5034
2026-06-15T21:57:02,5003
2026-06-15T21:58:02,4974
2026-06-15T21:59:02,4937
2026-06-15T22:00:02,4890
2026-06-15T22:01:02,4849
2026-06-15T22:02:02,4807
2026-06-15T22:03:02,4754
2026-06-15T22:04:02,4701
2026-06-15T22:05:02,4643
2026-06-15T22:06:02,4608
2026-06-15T22:07:02,4571
2026-06-15T22:08:02,4532
2026-06-15T22:09:02,4491
2026-06-15T22:10:02,4452
2026-06-15T22:11:02,4415
2026-06-15T22:12:02,4380
2026-06-15T22:13:02,4336
2026-06-15T22:14:02,4291
2026-06-15T22:15:02,4229
2026-06-15T22:16:02,4169
2026-06-15T22:17:02,4089
2026-06-15T22:18:02,4026
2026-06-15T22:19:02,3961
2026-06-15T22:20:02,3891
2026-06-15T22:21:02,3824
2026-06-15T22:22:02,3761
2026-06-15T22:23:02,3704
2026-06-15T22:24:02,3645
2026-06-15T22:25:02,3586
2026-06-15T22:26:02,3527
2026-06-15T22:27:02,3468
2026-06-15T22:28:02,3393
2026-06-15T22:29:02,3312
2026-06-15T22:30:02,3249
2026-06-15T22:31:02,3203
2026-06-15T22:32:02,3160
2026-06-15T22:33:02,3108
2026-06-15T22:34:02,3041
2026-06-15T22:35:02,2971
2026-06-15T22:36:02,2905
2026-06-15T22:37:02,2836
2026-06-15T22:38:02,2755
2026-06-15T22:39:02,2663
2026-06-15T22:40:02,2585
2026-06-15T22:41:02,2488
2026-06-15T22:42:02,2375
2026-06-15T22:43:02,2233
2026-06-15T22:44:02,2102
2026-06-15T22:45:02,1978
2026-06-15T22:46:02,1842
2026-06-15T22:47:02,1700
2026-06-15T22:48:02,1599
2026-06-15T22:49:02,1469
2026-06-15T22:50:02,1339
2026-06-15T22:51:02,1207
2026-06-15T22:52:02,1095
2026-06-15T22:53:02,971
2026-06-15T22:54:02,829
2026-06-15T22:55:02,674
2026-06-15T22:56:02,582
2026-06-15T22:57:02,511
2026-06-15T22:58:02,394
2026-06-15T22:59:02,277
2026-06-15T23:00:02,149
2026-06-15T23:01:02,36
2026-06-15T23:02:02,0
2026-06-15T23:03:02,0
2026-06-15T23:04:02,0
2026-06-15T23:05:02,0
2026-06-15T23:06:02,0
2026-06-15T23:07:02,0
2026-06-15T23:08:02,0
2026-06-15T23:09:02,0
2026-06-15T23:10:02,0
2026-06-15T23:11:02,0
2026-06-15T23:12:02,0
2026-06-15T23:13:02,0
2026-06-15T23:14:02,0
2026-06-15T23:15:02,0
2026-06-15T23:16:02,0
2026-06-15T23:17:02,0
2026-06-15T23:18:02,0
2026-06-15T23:19:02,0
2026-06-15T23:20:02,0
2026-06-15T23:21:02,0
2026-06-15T23:22:02,0
2026-06-15T23:23:02,0
2026-06-15T23:24:02,0
2026-06-15T23:25:02,0
2026-06-15T23:26:02,0
2026-06-15T23:27:02,0
2026-06-15T23:28:02,0
