timestamp,IN2P3-CPPM,IN2P3-IRES,IN2P3-LPC,NIKHEF-ELPROD,RAL-LCG2,SARA-MATRIX,UKI-LT2-IC-HEP,UKI-NORTHGRID-LANCS-HEP,UKI-NORTHGRID-LIV-HEP,UKI-NORTHGRID-MAN-HEP,UKI-SCOTGRID-GLASGOW,UKI-SOUTHGRID-RALPP
2026-03-10T00:00:01,1,0,0,0,0,0,0,0,0,0,0,0
2026-03-10T00:05:01,61,0,0,0,0,0,0,0,0,0,0,0
2026-03-10T00:10:01,3,0,0,0,0,0,0,0,0,0,0,0
2026-03-10T00:15:01,37,0,0,0,0,0,0,0,0,0,0,0
2026-03-10T00:20:01,78,0,0,0,0,0,0,0,0,0,0,0
2026-03-10T00:21:01,4,0,0,0,0,0,0,0,0,0,0,0
2026-03-10T00:25:01,49,0,48,0,0,0,0,0,0,0,0,0
2026-03-10T00:26:01,6,61,105,0,0,0,0,0,0,0,0,0
2026-03-10T00:30:01,23,19,45,0,0,0,0,0,0,0,0,0
2026-03-10T00:31:01,18,101,50,0,56,0,0,0,0,0,0,0
2026-03-10T00:32:01,10,0,0,0,0,0,0,0,0,0,0,0
2026-03-10T00:35:01,32,0,51,0,0,0,0,0,0,0,0,0
2026-03-10T00:36:01,14,34,38,0,0,0,0,0,0,0,0,0
2026-03-10T00:40:01,33,0,59,0,0,0,0,0,0,0,0,0
2026-03-10T00:41:01,1,37,3,0,0,0,0,0,0,0,0,0
2026-03-10T00:42:01,1,0,0,0,0,0,0,0,0,0,0,0
2026-03-10T00:45:01,16,30,43,0,0,0,0,0,0,0,0,0
2026-03-10T00:46:01,1,40,5,0,125,0,0,0,0,0,0,71
2026-03-10T00:47:01,1,6,3,0,2,0,0,0,0,2,0,80
2026-03-10T00:50:01,10,27,25,0,26,0,0,0,0,0,0,0
2026-03-10T00:51:01,3,9,7,0,36,0,0,0,0,120,0,25
2026-03-10T00:52:01,5,0,0,0,0,0,0,0,0,0,0,0
2026-03-10T00:55:01,9,22,17,0,26,0,0,0,0,0,0,15
2026-03-10T00:56:01,0,6,8,0,7,0,0,0,0,62,49,48
2026-03-10T00:57:01,1,0,0,0,0,0,0,0,0,0,0,0
2026-03-10T00:58:01,5,0,9,0,0,0,0,0,0,0,0,0
2026-03-10T00:59:01,2,8,5,0,6,0,0,0,0,0,0,0
2026-03-10T01:00:01,3,2,5,0,4,0,0,0,0,31,50,13
2026-03-10T01:01:01,0,4,2,0,1,0,14,0,150,7,74,7
2026-03-10T01:02:01,2,4,0,0,0,0,0,0,20,3,16,0
2026-03-10T01:03:01,1,1,3,0,3,0,0,0,0,5,10,3
2026-03-10T01:04:01,0,2,0,0,3,0,0,0,0,1,19,3
2026-03-10T01:05:01,1,7,2,0,2,0,16,0,76,2,7,7
2026-03-10T01:06:01,2,1,2,0,2,0,128,56,37,1,2,1
2026-03-10T01:07:01,2,0,3,0,4,0,0,0,18,3,7,0
2026-03-10T01:08:01,3,2,2,0,5,0,0,0,1,1,14,1
2026-03-10T01:09:01,0,1,3,0,1,0,0,0,11,0,7,4
2026-03-10T01:10:01,0,2,0,0,1,0,77,6,31,0,3,3
2026-03-10T01:11:01,0,2,1,0,0,50,33,126,27,0,3,1
2026-03-10T01:12:01,1,1,1,0,3,0,0,0,15,1,3,0
2026-03-10T01:13:01,2,1,0,0,0,0,0,0,17,1,5,1
2026-03-10T01:14:01,2,1,1,0,1,0,0,0,12,0,7,2
2026-03-10T01:15:01,0,2,1,0,0,0,61,15,22,1,2,1
2026-03-10T01:16:01,2,0,2,0,6,133,13,103,25,0,2,1
2026-03-10T01:17:01,0,2,2,37,4,29,19,28,31,1,5,0
2026-03-10T01:18:01,0,1,1,0,2,0,0,0,1,0,7,1
2026-03-10T01:19:01,3,3,4,0,3,0,0,0,0,0,0,0
2026-03-10T01:20:01,3,5,5,0,4,0,0,0,64,6,14,4
2026-03-10T01:21:01,4,2,5,0,4,0,9,0,30,2,8,4
2026-03-10T01:22:01,3,3,4,0,2,0,0,0,0,0,0,2
2026-03-10T01:23:01,0,4,4,0,5,0,0,0,0,0,0,0
2026-03-10T01:24:01,2,6,5,0,0,0,0,0,0,0,0,0
2026-03-10T01:25:01,1,5,4,0,10,0,0,0,30,7,37,9
2026-03-10T01:26:01,2,6,5,0,10,0,31,0,68,3,18,7
2026-03-10T01:27:01,6,0,3,0,0,0,0,0,0,0,0,0
2026-03-10T01:30:01,11,26,28,0,15,0,0,0,0,6,0,7
2026-03-10T01:31:01,2,5,11,0,1,0,118,12,58,3,25,4
2026-03-10T01:32:01,3,0,4,0,0,0,0,0,0,0,0,0
2026-03-10T01:34:01,15,0,10,0,0,0,0,0,0,0,0,0
2026-03-10T01:35:01,2,19,9,0,17,0,0,0,22,8,26,7
2026-03-10T01:36:01,10,12,21,0,3,0,79,139,25,0,10,3
2026-03-10T01:37:01,2,5,16,0,3,87,14,25,8,0,3,2
2026-03-10T01:38:01,9,5,8,0,4,0,0,0,0,2,1,0
2026-03-10T01:39:01,4,4,4,0,7,0,0,0,0,4,1,4
2026-03-10T01:40:01,9,7,11,0,6,0,28,0,32,2,23,0
2026-03-10T01:41:01,3,13,7,0,6,0,40,44,14,3,12,6
2026-03-10T01:42:01,15,3,10,0,0,0,0,0,0,0,0,0
2026-03-10T01:43:01,4,6,9,0,3,0,0,0,0,0,4,1
2026-03-10T01:44:01,9,3,9,0,1,0,0,0,0,1,2,4
2026-03-10T01:45:01,3,5,6,0,2,0,31,30,30,0,11,0
2026-03-10T01:46:01,5,2,12,42,2,116,5,54,7,1,3,2
2026-03-10T01:47:01,5,5,7,0,4,0,0,0,0,0,2,2
2026-03-10T01:48:01,1,2,2,0,0,0,0,0,4,1,4,0
2026-03-10T01:49:01,2,0,2,0,0,0,0,0,0,0,0,0
2026-03-10T01:50:01,1,5,10,0,5,0,22,15,23,0,6,2
2026-03-10T01:51:01,1,3,7,11,2,71,8,38,19,0,7,2
2026-03-10T01:54:01,1,0,0,0,0,0,0,0,0,0,0,0
2026-03-10T01:55:01,4,3,8,0,6,22,15,25,24,0,6,1
2026-03-10T01:56:01,1,1,3,130,2,17,5,12,15,0,2,2
2026-03-10T01:57:01,0,3,0,70,1,20,8,15,15,0,2,4
2026-03-10T01:58:01,3,1,0,20,3,19,7,27,15,0,3,2
2026-03-10T01:59:01,2,0,2,0,2,0,0,0,9,0,4,1
2026-03-10T02:00:01,1,1,1,27,0,18,14,31,8,0,3,0
2026-03-10T02:01:01,2,0,0,2,1,7,11,3,1,1,2,0
2026-03-10T02:02:01,0,2,0,1,2,5,8,5,4,0,1,0
2026-03-10T02:03:01,1,1,3,1,0,4,0,5,6,1,1,0
2026-03-10T02:04:01,1,1,3,2,0,10,5,5,5,0,3,0
2026-03-10T02:05:01,0,0,0,5,0,14,4,7,5,0,3,0
2026-03-10T02:06:01,0,0,1,6,1,9,5,9,6,0,0,0
2026-03-10T02:07:01,0,0,0,8,2,9,5,7,5,0,2,0
2026-03-10T02:08:01,1,0,0,9,0,12,1,6,5,0,2,0
2026-03-10T02:09:01,0,0,1,13,1,3,1,7,1,0,0,1
2026-03-10T02:10:01,0,1,0,6,0,7,3,6,0,0,2,0
2026-03-10T02:11:01,1,1,2,5,0,2,8,11,5,0,0,3
2026-03-10T02:12:01,1,3,2,2,1,1,9,2,3,0,1,0
2026-03-10T02:13:01,1,0,0,4,0,2,2,4,0,2,1,0
2026-03-10T02:14:01,0,0,0,0,0,1,4,4,1,1,1,1
2026-03-10T02:15:01,2,0,0,0,1,3,6,1,1,0,3,1
2026-03-10T02:16:01,0,0,1,0,0,1,10,1,1,0,2,1
2026-03-10T02:17:01,0,1,1,0,0,0,7,0,0,0,0,1
2026-03-10T02:18:01,0,1,0,2,1,1,4,2,0,0,2,0
2026-03-10T02:19:01,0,1,0,0,0,3,4,2,1,0,1,1
2026-03-10T02:20:01,1,0,1,0,0,3,4,3,1,0,0,0
2026-03-10T02:21:01,1,1,0,0,1,1,2,3,3,1,3,0
2026-03-10T02:22:01,3,1,3,3,0,1,4,0,0,0,0,0
2026-03-10T02:23:01,1,1,3,2,1,3,1,3,3,0,0,0
2026-03-10T02:24:01,0,0,1,1,1,4,2,2,1,0,0,0
2026-03-10T02:25:01,1,0,1,0,0,2,2,1,0,0,1,0
2026-03-10T02:26:01,1,0,1,1,0,2,0,2,2,0,0,1
2026-03-10T02:27:01,1,1,0,2,1,4,2,3,3,0,2,1
2026-03-10T02:28:01,1,1,2,2,0,5,1,4,2,0,0,0
2026-03-10T02:29:01,0,1,1,1,0,8,1,3,1,0,0,0
2026-03-10T02:30:01,1,1,2,1,0,0,0,3,4,1,1,0
2026-03-10T02:31:01,0,0,1,2,0,7,0,7,4,0,0,0
2026-03-10T02:32:01,1,0,1,2,0,8,1,4,2,0,0,1
2026-03-10T02:33:01,0,1,0,4,1,9,2,4,1,0,1,0
2026-03-10T02:34:01,1,1,0,4,1,7,0,4,4,0,0,0
2026-03-10T02:35:01,0,0,0,6,0,4,0,2,2,0,0,1
2026-03-10T02:36:01,0,0,0,1,1,2,2,1,6,0,0,0
2026-03-10T02:37:01,1,3,1,5,0,7,1,4,3,0,0,0
2026-03-10T02:38:01,1,0,4,1,0,5,0,5,6,1,0,0
2026-03-10T02:39:01,1,2,2,4,0,3,3,9,5,0,1,0
2026-03-10T02:40:01,1,1,1,6,2,6,0,3,1,0,0,0
2026-03-10T02:41:01,1,0,0,5,0,8,0,5,6,0,1,0
2026-03-10T02:42:01,1,0,0,7,1,6,1,6,3,0,1,0
2026-03-10T02:43:01,3,1,2,7,1,7,4,9,6,1,0,1
2026-03-10T02:44:01,2,0,0,7,0,6,4,11,10,1,1,1
2026-03-10T02:45:01,3,1,1,9,2,5,5,7,4,0,0,2
2026-03-10T02:46:01,1,1,1,4,1,8,3,7,7,1,1,1
2026-03-10T02:47:01,3,3,2,9,0,7,1,6,4,1,0,0
2026-03-10T02:48:01,3,1,2,11,1,4,8,8,1,1,3,1
2026-03-10T02:49:01,2,2,2,7,0,4,4,11,4,0,2,0
2026-03-10T02:50:01,4,1,2,6,2,11,3,15,4,1,0,0
2026-03-10T02:51:01,4,4,4,6,1,3,2,14,3,0,2,2
2026-03-10T02:52:01,4,3,2,7,0,9,3,10,3,0,3,0
2026-03-10T02:53:01,3,2,3,6,1,9,4,3,4,0,2,0
2026-03-10T02:54:01,1,0,2,11,1,7,2,6,7,0,1,0
2026-03-10T02:55:01,4,0,0,7,2,12,1,4,7,0,2,1
2026-03-10T02:56:01,2,2,4,8,3,11,4,7,8,0,1,0
2026-03-10T02:57:01,4,1,2,6,0,10,6,8,5,0,4,1
2026-03-10T02:58:01,4,1,3,7,0,9,6,8,10,2,1,1
2026-03-10T02:59:01,2,3,5,8,0,3,3,10,3,0,1,0
2026-03-10T03:00:01,3,1,3,4,0,9,8,10,7,0,3,1
2026-03-10T03:01:01,2,2,4,6,5,9,11,11,4,0,0,1
2026-03-10T03:02:01,10,1,5,11,0,11,8,13,4,0,2,0
2026-03-10T03:03:01,6,3,2,8,0,12,5,9,8,1,2,0
2026-03-10T03:04:01,3,3,9,10,3,10,10,13,5,2,1,2
2026-03-10T03:05:01,5,1,5,13,1,8,14,18,11,0,1,1
2026-03-10T03:06:01,6,4,4,13,1,15,8,12,6,0,5,1
2026-03-10T03:07:01,12,1,4,7,3,14,10,19,10,2,3,1
2026-03-10T03:08:01,8,0,10,14,4,15,12,18,15,0,1,1
2026-03-10T03:09:01,7,3,5,14,1,17,10,14,9,0,5,2
2026-03-10T03:10:01,5,5,5,12,2,20,11,19,14,1,6,2
2026-03-10T03:11:01,14,2,2,11,2,15,15,21,16,1,3,0
2026-03-10T03:12:01,5,2,5,12,5,21,10,21,14,1,0,3
2026-03-10T03:13:01,7,4,6,12,1,19,8,13,19,2,5,2
2026-03-10T03:14:01,6,5,9,14,4,17,16,19,11,0,9,1
2026-03-10T03:15:01,11,1,4,9,1,22,14,19,19,0,4,3
2026-03-10T03:16:01,6,4,3,20,4,23,11,20,15,3,4,1
2026-03-10T03:17:01,13,5,6,8,1,17,10,21,21,1,5,4
2026-03-10T03:18:01,4,4,9,8,3,27,16,24,17,0,5,0
2026-03-10T03:19:01,12,1,7,22,3,27,20,33,21,0,4,3
2026-03-10T03:20:01,7,5,8,17,5,25,13,24,15,1,9,1
2026-03-10T03:21:01,13,3,5,16,4,29,12,23,25,4,5,1
2026-03-10T03:22:01,6,3,9,17,2,32,21,29,18,0,5,1
2026-03-10T03:23:01,12,6,9,19,4,35,18,33,18,1,7,4
2026-03-10T03:24:01,12,4,7,23,6,29,23,27,28,2,6,3
2026-03-10T03:25:01,13,3,3,22,4,37,10,30,18,2,8,2
2026-03-10T03:26:01,10,4,10,10,8,35,13,25,26,2,13,3
2026-03-10T03:27:01,9,3,10,22,5,24,24,36,21,1,6,2
2026-03-10T03:28:01,13,9,10,23,5,38,19,37,24,1,5,4
2026-03-10T03:29:01,9,4,9,19,5,39,22,27,19,1,6,4
2026-03-10T03:30:01,10,2,7,23,3,30,16,29,24,2,7,0
2026-03-10T03:31:01,11,3,4,25,9,35,20,34,20,2,10,2
2026-03-10T03:32:01,11,3,10,19,5,36,11,32,23,1,7,1
2026-03-10T03:33:01,12,3,13,31,5,42,25,33,24,1,4,2
2026-03-10T03:34:01,11,9,8,19,7,32,20,43,27,2,10,5
2026-03-10T03:35:01,13,10,7,21,7,46,20,42,25,4,6,4
2026-03-10T03:36:01,13,4,6,30,6,46,20,34,32,3,9,2
2026-03-10T03:37:01,18,3,12,26,7,33,30,29,27,1,8,1
2026-03-10T03:38:01,8,8,8,13,8,12,15,37,15,2,9,3
2026-03-10T03:39:01,16,4,11,4,1,8,15,8,4,1,2,2
2026-03-10T03:40:01,4,3,5,8,2,14,7,26,2,0,2,1
2026-03-10T03:41:01,3,0,2,11,0,4,6,4,0,2,4,0
2026-03-10T03:42:01,7,2,1,6,0,5,2,5,0,0,1,1
2026-03-10T03:43:01,2,1,1,7,1,8,2,7,5,0,0,0
2026-03-10T03:44:01,2,2,1,5,0,3,1,3,5,0,1,1
2026-03-10T03:45:01,4,1,0,10,0,9,4,7,9,1,0,1
2026-03-10T03:46:01,2,2,1,10,3,13,0,10,9,0,0,1
2026-03-10T03:47:01,5,0,2,14,1,17,4,11,19,1,1,0
2026-03-10T03:48:01,4,3,5,10,4,16,5,16,9,0,2,1
2026-03-10T03:49:01,4,3,5,10,4,8,5,13,9,0,2,3
2026-03-10T03:50:01,3,0,1,9,3,11,7,9,6,0,1,0
2026-03-10T03:51:01,2,1,5,12,1,11,5,8,3,0,0,0
2026-03-10T03:52:01,1,3,3,14,5,10,7,14,18,1,4,0
2026-03-10T03:53:01,5,5,6,17,3,17,11,16,11,1,4,0
2026-03-10T03:54:01,3,6,5,24,4,23,9,21,16,1,7,2
2026-03-10T03:55:01,10,3,7,10,4,13,16,18,20,2,1,1
2026-03-10T03:56:01,5,2,9,9,4,16,13,17,8,3,9,0
2026-03-10T03:57:01,3,7,3,27,2,38,17,36,19,3,5,2
2026-03-10T03:58:01,9,6,11,23,8,21,10,16,25,2,5,2
2026-03-10T03:59:01,9,5,14,13,5,8,19,14,10,3,6,2
2026-03-10T04:00:01,6,3,6,21,3,31,12,30,22,1,4,2
2026-03-10T04:01:01,7,5,6,38,3,36,7,36,26,1,2,1
2026-03-10T04:02:01,4,10,7,30,6,33,18,23,14,4,8,1
2026-03-10T04:03:01,14,6,11,16,6,12,21,20,21,2,7,5
2026-03-10T04:04:01,12,7,15,14,5,16,14,26,26,2,6,2
2026-03-10T04:05:01,11,5,7,13,2,23,10,15,17,1,3,2
2026-03-10T04:06:01,3,1,5,20,5,31,6,18,20,2,2,1
2026-03-10T04:07:01,5,2,4,25,2,23,12,27,27,1,1,2
2026-03-10T04:08:01,8,6,9,28,6,24,13,40,18,3,2,3
2026-03-10T04:09:01,9,5,12,26,6,29,22,27,33,1,4,4
2026-03-10T04:10:01,7,7,11,22,8,29,12,25,29,1,15,2
2026-03-10T04:11:01,5,4,9,21,4,30,14,33,20,2,7,5
2026-03-10T04:12:01,16,10,7,24,4,27,16,25,32,3,2,1
2026-03-10T04:13:01,13,9,10,37,8,31,15,38,37,2,7,4
2026-03-10T04:14:01,12,5,8,22,4,25,15,26,21,3,6,2
2026-03-10T04:15:01,8,5,8,19,3,34,20,30,26,2,12,1
2026-03-10T04:16:01,6,5,10,19,5,26,15,28,39,2,4,5
2026-03-10T04:17:01,7,12,10,25,10,25,16,28,21,3,4,4
2026-03-10T04:18:01,13,5,13,18,8,28,14,33,26,3,8,5
2026-03-10T04:19:01,8,6,10,22,7,31,9,31,36,0,4,2
2026-03-10T04:20:01,8,3,7,25,7,39,17,26,26,2,7,2
2026-03-10T04:21:01,11,5,8,20,5,23,14,28,28,3,7,2
2026-03-10T04:22:01,7,5,10,17,8,41,15,37,26,5,5,3
2026-03-10T04:23:01,10,3,12,20,7,43,19,41,36,2,14,5
2026-03-10T04:24:01,11,5,17,27,7,40,22,32,34,3,12,6
2026-03-10T04:25:01,13,11,18,41,4,38,27,47,37,7,13,8
2026-03-10T04:26:01,14,13,23,34,5,45,30,45,35,6,11,5
2026-03-10T04:27:01,25,10,25,36,9,50,37,49,38,7,11,5
2026-03-10T04:28:01,21,12,17,30,7,52,13,53,25,3,9,3
2026-03-10T04:29:01,24,12,14,30,9,49,18,50,30,2,13,3
2026-03-10T04:30:01,22,12,17,17,11,25,12,19,26,3,9,7
2026-03-10T04:31:01,4,4,9,29,6,46,10,24,25,0,4,1
2026-03-10T04:32:01,10,6,16,39,8,61,28,36,42,5,9,5
2026-03-10T04:33:01,15,10,21,36,8,54,32,52,52,8,7,9
2026-03-10T04:34:01,19,9,9,41,7,43,18,33,28,4,8,0
2026-03-10T04:35:01,16,10,12,43,10,45,27,40,40,3,12,6
2026-03-10T04:36:01,20,12,17,45,14,45,26,53,52,7,14,6
2026-03-10T04:37:01,26,15,17,42,15,55,37,68,65,11,24,6
2026-03-10T04:38:01,29,17,20,48,16,61,39,71,65,9,24,12
2026-03-10T04:39:01,20,18,26,48,15,66,37,67,60,16,22,7
2026-03-10T04:40:01,31,12,14,31,17,34,20,35,50,9,15,6
2026-03-10T04:41:01,13,7,16,26,9,38,26,35,42,10,17,6
2026-03-10T04:42:01,24,8,18,21,7,18,21,16,26,5,11,6
2026-03-10T04:43:01,10,9,9,24,6,16,10,13,14,3,12,1
2026-03-10T04:44:01,6,8,8,12,4,10,8,14,12,5,4,6
2026-03-10T04:45:01,12,5,10,16,4,13,11,12,10,1,4,1
2026-03-10T04:46:01,11,3,8,11,2,22,10,21,27,5,6,3
2026-03-10T04:47:01,8,3,6,17,5,18,8,12,23,2,5,1
2026-03-10T04:48:01,12,5,6,12,9,23,14,20,21,3,9,4
2026-03-10T04:49:01,6,5,11,15,5,15,8,17,22,3,9,3
2026-03-10T04:50:01,14,7,9,18,8,15,11,24,33,3,2,3
2026-03-10T04:51:01,7,6,9,10,5,14,21,19,12,2,5,2
2026-03-10T04:52:01,4,3,6,16,6,21,9,23,23,4,7,0
2026-03-10T04:53:01,8,3,6,18,6,25,9,27,22,2,3,3
2026-03-10T04:54:01,7,2,7,23,7,11,8,13,14,2,7,1
2026-03-10T04:55:01,5,7,10,13,6,9,13,9,13,8,5,4
2026-03-10T04:56:01,14,5,4,7,5,11,10,15,19,2,6,2
2026-03-10T04:57:01,14,2,10,4,2,10,11,23,16,4,1,3
2026-03-10T04:58:01,6,7,1,5,6,5,15,7,4,2,4,0
2026-03-10T04:59:01,7,2,7,5,4,9,14,14,14,4,2,1
2026-03-10T05:00:01,4,3,4,7,3,6,5,9,7,3,2,1
2026-03-10T05:01:01,5,3,2,4,1,3,7,13,5,1,2,0
2026-03-10T05:02:01,7,5,4,5,2,3,1,6,1,4,1,0
2026-03-10T05:03:01,1,2,4,6,6,1,4,6,4,2,1,2
2026-03-10T05:04:01,5,2,3,1,4,8,3,8,6,4,2,1
2026-03-10T05:05:01,3,1,1,7,3,4,4,6,6,2,2,1
2026-03-10T05:06:01,2,3,1,8,4,7,3,10,11,3,2,1
2026-03-10T05:07:01,5,2,3,12,2,11,4,15,15,2,1,3
2026-03-10T05:08:01,2,6,2,9,8,12,6,18,20,1,7,0
2026-03-10T05:09:01,9,5,4,11,6,10,5,17,22,10,13,3
2026-03-10T05:10:01,3,4,6,10,8,8,6,17,17,0,8,3
2026-03-10T05:11:01,7,4,6,13,7,12,10,19,13,5,11,1
2026-03-10T05:12:01,7,7,7,10,10,8,12,16,20,3,7,2
2026-03-10T05:13:01,5,2,5,12,8,9,13,12,16,4,6,3
2026-03-10T05:14:01,8,3,3,14,6,17,8,9,11,4,3,2
2026-03-10T05:15:01,9,4,8,13,10,12,12,12,15,7,9,1
2026-03-10T05:16:01,9,7,6,17,14,16,8,13,16,7,5,5
2026-03-10T05:17:01,10,6,7,8,9,14,3,6,8,9,3,3
2026-03-10T05:18:01,9,5,5,3,6,5,2,5,8,6,4,1
2026-03-10T05:19:01,4,1,1,11,2,10,6,6,12,3,3,2
2026-03-10T05:20:01,3,4,1,2,1,2,4,4,9,7,2,3
2026-03-10T05:21:01,4,3,3,9,1,11,5,11,10,7,5,3
2026-03-10T05:22:01,4,2,3,4,2,10,7,7,12,5,4,1
2026-03-10T05:23:01,0,2,0,10,8,13,6,10,10,4,3,1
2026-03-10T05:24:01,3,4,3,17,2,28,5,23,9,4,5,3
2026-03-10T05:25:01,6,3,4,12,4,11,9,9,20,4,5,4
2026-03-10T05:26:01,6,6,3,13,5,11,3,10,7,3,7,0
2026-03-10T05:27:01,5,4,3,15,3,6,5,10,10,5,8,4
2026-03-10T05:28:01,3,5,9,25,5,16,8,16,11,5,4,2
2026-03-10T05:29:01,5,6,8,20,13,25,9,17,18,8,10,3
2026-03-10T05:30:01,12,9,6,16,10,17,9,14,21,9,6,5
2026-03-10T05:31:01,10,5,4,11,8,10,5,10,14,5,3,3
2026-03-10T05:32:01,6,3,3,4,6,6,7,5,8,8,4,5
2026-03-10T05:33:01,9,2,3,9,4,9,6,7,12,3,3,1
2026-03-10T05:34:01,5,5,2,9,8,15,7,6,10,5,5,4
2026-03-10T05:35:01,5,8,6,6,6,9,6,6,9,3,6,5
2026-03-10T05:36:01,4,6,4,4,3,3,3,3,5,3,3,7
2026-03-10T05:37:01,2,2,0,8,0,9,7,9,7,2,1,4
2026-03-10T05:38:01,2,2,1,12,3,9,6,3,12,1,3,4
2026-03-10T05:39:01,4,4,3,11,4,10,5,10,11,7,7,3
2026-03-10T05:40:01,3,4,3,9,4,5,7,5,3,2,1,4
2026-03-10T05:41:01,2,4,0,6,2,5,1,2,2,3,5,4
2026-03-10T05:42:01,2,2,3,5,6,8,7,1,3,2,5,2
2026-03-10T05:43:01,2,4,2,5,2,4,4,2,7,5,4,6
2026-03-10T05:44:01,3,2,5,9,5,7,6,6,4,4,7,2
2026-03-10T05:45:01,2,1,2,9,2,8,8,5,9,2,3,3
2026-03-10T05:46:01,3,3,4,7,1,10,7,6,7,5,2,2
2026-03-10T05:47:01,3,2,2,10,5,13,6,11,7,6,7,5
2026-03-10T05:48:01,3,5,1,14,9,6,3,7,7,6,4,4
2026-03-10T05:49:01,5,5,6,13,2,7,6,5,11,5,5,7
2026-03-10T05:50:01,3,6,8,13,8,14,9,11,11,5,4,4
2026-03-10T05:51:01,4,4,7,11,9,16,10,11,18,5,4,10
2026-03-10T05:52:01,5,8,12,13,11,9,10,8,12,3,11,6
2026-03-10T05:53:01,3,3,3,15,5,20,6,16,12,5,7,2
2026-03-10T05:54:01,3,5,0,9,9,14,8,12,10,7,8,6
2026-03-10T05:55:01,2,8,6,22,7,9,8,15,15,7,12,6
2026-03-10T05:56:01,4,10,6,9,8,16,10,11,14,12,6,10
2026-03-10T05:57:01,5,4,5,9,9,14,7,7,7,8,7,8
2026-03-10T05:58:01,2,6,5,13,10,13,4,9,13,4,6,2
2026-03-10T05:59:01,7,2,9,13,10,18,7,10,13,9,8,4
2026-03-10T06:00:01,6,5,10,16,10,15,12,21,14,5,8,7
2026-03-10T06:01:01,4,9,3,10,9,15,12,13,20,11,10,4
2026-03-10T06:02:01,6,11,10,13,13,18,15,12,13,5,13,9
2026-03-10T06:03:01,7,2,2,16,9,16,5,12,19,6,10,12
2026-03-10T06:04:01,7,6,5,12,11,20,6,11,16,5,6,10
2026-03-10T06:05:01,10,9,7,14,12,12,15,14,12,13,8,8
2026-03-10T06:06:01,5,11,5,17,15,18,10,18,17,6,8,10
2026-03-10T06:07:01,5,8,6,10,8,19,11,17,19,11,8,7
2026-03-10T06:08:01,7,7,10,15,10,15,15,13,20,12,9,12
2026-03-10T06:09:01,7,6,6,20,11,17,11,15,16,11,10,11
2026-03-10T06:10:01,10,13,8,25,9,24,9,15,18,9,7,10
2026-03-10T06:11:01,5,14,15,19,15,21,13,22,29,15,10,13
2026-03-10T06:12:01,9,10,10,17,12,29,12,23,21,18,21,11
2026-03-10T06:13:01,6,14,12,18,15,14,12,15,16,15,10,10
2026-03-10T06:14:01,7,9,6,10,15,13,14,13,14,13,11,13
2026-03-10T06:15:01,9,5,6,25,15,12,12,14,15,13,5,8
2026-03-10T06:16:01,8,7,7,11,7,17,11,9,25,13,9,8
2026-03-10T06:17:01,2,9,9,18,14,14,9,12,10,11,10,7
2026-03-10T06:18:01,7,9,6,12,11,17,8,13,18,5,11,8
2026-03-10T06:19:01,8,9,10,17,19,12,14,14,16,18,6,18
2026-03-10T06:20:01,7,9,7,13,10,16,13,13,17,12,8,12
2026-03-10T06:21:01,6,5,12,20,10,30,10,15,26,13,13,12
2026-03-10T06:22:01,8,6,8,21,15,40,18,30,45,23,19,11
2026-03-10T06:23:01,10,18,14,40,21,45,16,39,51,27,29,18
2026-03-10T06:24:01,22,27,28,17,34,22,24,18,33,27,32,27
2026-03-10T06:25:01,26,9,10,25,21,19,16,23,20,13,13,12
2026-03-10T06:26:01,10,13,9,25,17,21,13,13,16,17,14,13
2026-03-10T06:27:01,7,18,7,25,19,27,29,26,36,28,18,24
2026-03-10T06:28:01,16,14,9,21,25,25,16,13,19,17,12,17
2026-03-10T06:29:01,10,15,15,21,19,5,14,9,9,15,9,15
2026-03-10T06:30:01,3,18,7,9,5,7,8,5,7,14,13,8
2026-03-10T06:31:01,10,7,7,6,8,5,3,8,8,3,7,8
2026-03-10T06:32:01,6,10,9,8,4,3,4,8,12,5,7,6
2026-03-10T06:33:01,7,10,14,10,4,15,4,16,20,9,9,13
2026-03-10T06:34:01,8,10,15,8,6,14,3,16,27,10,9,10
2026-03-10T06:35:01,4,6,9,17,5,16,4,17,26,8,8,6
2026-03-10T06:36:01,2,3,5,22,10,15,4,17,18,8,6,7
2026-03-10T06:37:01,2,8,3,20,6,19,10,20,15,6,7,6
2026-03-10T06:38:01,6,6,7,13,16,10,7,10,11,10,8,11
2026-03-10T06:39:01,7,5,11,12,15,9,8,9,10,15,9,10
2026-03-10T06:40:01,9,9,8,14,12,13,11,6,11,18,11,11
2026-03-10T06:41:01,6,8,9,20,11,20,13,11,14,23,15,10
2026-03-10T06:42:01,9,15,11,11,14,23,14,19,23,23,18,9
2026-03-10T06:43:01,10,10,14,14,14,16,14,15,13,15,14,11
2026-03-10T06:44:01,7,12,9,15,11,12,13,16,19,10,7,8
2026-03-10T06:45:01,8,6,4,13,15,15,12,12,9,14,6,9
2026-03-10T06:46:01,5,9,10,8,11,10,6,8,11,9,4,13
2026-03-10T06:47:01,7,9,8,12,9,7,11,9,9,9,10,3
2026-03-10T06:48:01,5,5,7,2,8,9,5,11,11,8,3,9
2026-03-10T06:49:01,4,7,7,10,9,7,8,9,6,4,9,2
2026-03-10T06:50:01,5,4,8,7,11,8,5,6,10,11,5,4
2026-03-10T06:51:01,4,3,5,8,5,8,5,9,8,5,2,6
2026-03-10T06:52:01,7,3,4,8,10,4,3,12,8,7,3,6
2026-03-10T06:53:01,5,2,4,9,8,6,4,12,5,10,7,6
2026-03-10T06:54:01,4,4,5,11,8,9,5,8,14,7,5,4
2026-03-10T06:55:01,9,4,4,13,11,15,4,15,15,7,8,4
2026-03-10T06:56:01,2,7,5,7,6,10,5,9,20,10,5,9
2026-03-10T06:57:01,9,7,9,9,5,9,6,8,17,6,6,10
2026-03-10T06:58:01,3,6,5,12,2,9,5,8,9,6,6,5
2026-03-10T06:59:01,8,5,8,10,8,13,7,9,9,4,2,11
2026-03-10T07:00:01,3,8,2,11,4,9,5,11,9,10,3,7
2026-03-10T07:01:01,4,6,8,9,6,9,10,8,9,9,4,7
2026-03-10T07:02:01,2,12,4,7,12,7,8,9,9,7,8,4
2026-03-10T07:03:01,3,6,5,9,6,7,4,10,6,12,11,7
2026-03-10T07:04:01,3,9,10,13,11,11,3,13,9,7,5,12
2026-03-10T07:05:01,4,5,2,16,6,10,7,11,17,6,9,9
2026-03-10T07:06:01,8,8,5,21,12,17,7,23,19,10,11,11
2026-03-10T07:07:01,4,5,4,0,0,0,0,0,0,0,0,0
