job_id,submit_time,norm_cpu_seconds,cores_used
224732423,2026-02-01 10:39:54,141971.454,1
224732414,2026-02-01 10:39:52,134994.42,1
224734143,2026-02-01 11:30:11,26225.69,1
224734746,2026-02-01 11:44:56,21740.112,1
224732425,2026-02-01 10:39:55,142514.605,1
224732463,2026-02-01 10:40:04,135612.385,1
224734324,2026-02-01 11:35:04,27331.172,1
224735024,2026-02-01 11:59:45,469.812,1
224734932,2026-02-01 11:54:43,5343.183,1
224734281,2026-02-01 11:34:54,25026.365,1
224735015,2026-02-01 11:59:43,502.971,1
224735025,2026-02-01 11:59:45,531.96,1
224734312,2026-02-01 11:35:02,23211.037,1
224732495,2026-02-01 10:44:45,135405.928,1
224735043,2026-02-01 11:59:51,493.901,1
224735070,2026-02-01 11:59:56,491.878,1
224735027,2026-02-01 11:59:45,432.8,1
224734963,2026-02-01 11:54:50,4517.66,1
224735038,2026-02-01 11:59:48,401.247,1
224735071,2026-02-01 11:59:56,502.949,1
224734934,2026-02-01 11:54:43,7754.166,1
224735044,2026-02-01 11:59:51,409.51,1
224735103,2026-02-01 12:00:03,367.688,1
224735090,2026-02-01 12:00:01,406.24,1
224735052,2026-02-01 11:59:51,428.8,1
224735128,2026-02-01 12:00:10,556.66,1
224735144,2026-02-01 12:00:13,531.135,1
224735037,2026-02-01 11:59:48,535.5,1
224735111,2026-02-01 12:00:05,574.821,1
224735104,2026-02-01 12:00:04,331.398,1
224735022,2026-02-01 11:59:45,430.276,1
224735098,2026-02-01 12:00:03,548.092,1
224734251,2026-02-01 11:34:46,24665.6,1
224735068,2026-02-01 11:59:56,577.17,1
224735059,2026-02-01 11:59:53,344.223,1
224729403,2026-02-01 09:15:24,151892.984,1
224734332,2026-02-01 11:35:07,24884.805,1
224735058,2026-02-01 11:59:53,2908.048,1
224735029,2026-02-01 11:59:45,3020.339,1
224735028,2026-02-01 11:59:45,2792.12,1
224735054,2026-02-01 11:59:53,2920.3,1
224735012,2026-02-01 11:59:43,3010.54,1
224735034,2026-02-01 11:59:48,515.865,1
224735017,2026-02-01 11:59:43,2983.52,1
224735016,2026-02-01 11:59:43,3052.656,1
224734945,2026-02-01 11:54:45,6737.456,1
224735073,2026-02-01 11:59:57,531.566,1
224735049,2026-02-01 11:59:51,2552.112,1
224735082,2026-02-01 11:59:58,2993.034,1
224735061,2026-02-01 11:59:53,3058.468,1
224735042,2026-02-01 11:59:49,2962.278,1
224735063,2026-02-01 11:59:55,2469.756,1
224735057,2026-02-01 11:59:53,3104.904,1
224735011,2026-02-01 11:59:42,447.04,1
224735106,2026-02-01 12:00:04,2385.565,1
224735041,2026-02-01 11:59:49,3181.855,1
224735035,2026-02-01 11:59:48,2656.251,1
224735091,2026-02-01 12:00:01,2848.815,1
224735047,2026-02-01 11:59:51,2567.358,1
224735060,2026-02-01 11:59:53,3021.438,1
224735019,2026-02-01 11:59:43,2960.328,1
224735062,2026-02-01 11:59:54,2561.5,1
224735040,2026-02-01 11:59:48,3108.642,1
224735013,2026-02-01 11:59:43,2869.0,1
224735039,2026-02-01 11:59:48,2603.36,1
224732413,2026-02-01 10:39:52,124196.02,1
224735014,2026-02-01 11:59:43,2734.215,1
224735121,2026-02-01 12:00:08,2539.869,1
224735096,2026-02-01 12:00:02,2554.288,1
224735102,2026-02-01 12:00:03,2806.44,1
224735050,2026-02-01 11:59:51,3015.882,1
224735105,2026-02-01 12:00:04,2895.78,1
224732461,2026-02-01 10:40:03,143777.61,1
224735030,2026-02-01 11:59:45,4293.42,1
224735107,2026-02-01 12:00:05,3078.66,1
224732460,2026-02-01 10:40:03,153305.81,1
224732455,2026-02-01 10:40:01,128984.13,1
224735159,2026-02-01 12:00:17,3005.101,1
224729602,2026-02-01 09:20:11,165602.347,1
224735152,2026-02-01 12:00:15,2838.913,1
224735097,2026-02-01 12:00:02,2529.738,1
224735081,2026-02-01 11:59:58,3114.555,1
224735072,2026-02-01 11:59:56,2520.339,1
224735079,2026-02-01 11:59:58,3039.608,1
224735020,2026-02-01 11:59:43,2523.105,1
224734814,2026-02-01 11:49:56,24450.888,1
224735095,2026-02-01 12:00:02,2930.196,1
224735131,2026-02-01 12:00:10,2207.632,1
224735135,2026-02-01 12:00:10,3087.539,1
224735169,2026-02-01 12:00:21,1973.727,1
224735031,2026-02-01 11:59:46,2943.18,1
224735133,2026-02-01 12:00:10,3101.208,1
224732424,2026-02-01 10:39:55,141732.078,1
224735172,2026-02-01 12:00:22,3035.1,1
224735075,2026-02-01 11:59:58,2540.295,1
224735092,2026-02-01 12:00:01,2446.668,1
224735182,2026-02-01 12:00:28,3088.54,1
224735117,2026-02-01 12:00:07,2903.736,1
224735046,2026-02-01 11:59:51,2531.468,1
224735166,2026-02-01 12:00:20,3567.096,1
224734566,2026-02-01 11:40:00,40965.666,1
224734989,2026-02-01 11:54:59,11617.033,1
224735114,2026-02-01 12:00:06,2758.735,1
224735149,2026-02-01 12:00:15,2292.932,1
224729472,2026-02-01 09:15:44,161428.245,1
224735045,2026-02-01 11:59:51,2836.158,1
224735093,2026-02-01 12:00:01,2570.26,1
224735108,2026-02-01 12:00:05,3183.352,1
224735112,2026-02-01 12:00:05,2589.792,1
224735151,2026-02-01 12:00:15,2101.05,1
224735185,2026-02-01 12:00:30,2896.299,1
224735119,2026-02-01 12:00:08,3126.57,1
224735089,2026-02-01 12:00:01,2873.34,1
224735174,2026-02-01 12:00:23,3567.024,1
224735167,2026-02-01 12:00:20,3432.398,1
224735004,2026-02-01 11:55:04,14001.03,1
224735162,2026-02-01 12:00:18,3071.051,1
224735150,2026-02-01 12:00:15,3698.856,1
224735168,2026-02-01 12:00:20,2982.98,1
224735101,2026-02-01 12:00:03,2616.954,1
224735087,2026-02-01 12:00:00,2597.175,1
224734994,2026-02-01 11:55:00,11448.203,1
224735067,2026-02-01 11:59:56,3047.024,1
224734961,2026-02-01 11:54:50,14504.36,1
224735074,2026-02-01 11:59:58,2554.896,1
224735161,2026-02-01 12:00:18,2722.83,1
224735163,2026-02-01 12:00:19,2545.62,1
224734614,2026-02-01 11:40:11,34167.033,1
224732484,2026-02-01 10:44:42,142764.6,1
224735138,2026-02-01 12:00:12,2422.4,1
224735141,2026-02-01 12:00:13,2714.766,1
224735160,2026-02-01 12:00:18,2418.049,1
224735113,2026-02-01 12:00:05,2530.112,1
224735053,2026-02-01 11:59:53,2457.312,1
224735066,2026-02-01 11:59:56,2677.986,1
224734982,2026-02-01 11:54:57,11897.22,1
224735077,2026-02-01 11:59:58,2666.4,1
224732453,2026-02-01 10:40:01,99005.163,1
224732464,2026-02-01 10:40:04,148899.351,1
224729474,2026-02-01 09:15:46,162459.66,1
224734972,2026-02-01 11:54:53,15072.288,1
224735026,2026-02-01 11:59:45,2607.918,1
224734866,2026-02-01 11:50:09,25341.708,1
224734970,2026-02-01 11:54:53,10425.48,1
224734978,2026-02-01 11:54:55,12593.475,1
224732777,2026-02-01 10:55:03,65045.44,1
224734752,2026-02-01 11:49:43,27254.647,1
224734762,2026-02-01 11:49:45,22898.432,1
224734843,2026-02-01 11:50:03,27460.843,1
224734681,2026-02-01 11:40:30,42148.6,1
224734906,2026-02-01 11:50:23,24821.672,1
224734803,2026-02-01 11:49:54,21324.756,1
224734606,2026-02-01 11:40:09,37222.934,1
224734785,2026-02-01 11:49:50,21889.71,1
224734975,2026-02-01 11:54:55,9247.26,1
224732431,2026-02-01 10:39:56,103482.12,1
224729534,2026-02-01 09:19:56,156643.662,1
224734783,2026-02-01 11:49:50,23628.498,1
224734950,2026-02-01 11:54:47,13857.0,1
224734899,2026-02-01 11:50:20,26105.865,1
224734786,2026-02-01 11:49:50,24278.276,1
224734811,2026-02-01 11:49:56,28665.511,1
224734673,2026-02-01 11:40:26,35347.494,1
224734667,2026-02-01 11:40:24,35796.722,1
224734589,2026-02-01 11:40:05,30890.63,1
224732474,2026-02-01 10:40:12,102859.26,1
224734991,2026-02-01 11:54:59,11352.38,1
224734996,2026-02-01 11:55:01,17240.639,1
224734993,2026-02-01 11:55:00,14947.584,1
224734872,2026-02-01 11:50:10,25698.603,1
224734756,2026-02-01 11:49:43,25514.52,1
224734992,2026-02-01 11:55:00,15686.41,1
224734668,2026-02-01 11:40:24,36952.825,1
224734839,2026-02-01 11:50:02,32506.7,1
224732459,2026-02-01 10:40:03,127934.857,1
224732841,2026-02-01 10:55:22,70380.508,1
224735295,2026-02-01 12:05:10,1121.184,1
224735272,2026-02-01 12:05:03,945.945,1
224734691,2026-02-01 11:40:41,45988.6,1
224734914,2026-02-01 11:50:27,21207.383,1
224734867,2026-02-01 11:50:09,21226.75,1
224734804,2026-02-01 11:49:54,26739.96,1
224735287,2026-02-01 12:05:08,1228.736,1
224734663,2026-02-01 11:40:23,45049.554,1
224732503,2026-02-01 10:44:48,156570.628,1
224735317,2026-02-01 12:05:16,1057.32,1
224735199,2026-02-01 12:04:43,2400.06,1
224735336,2026-02-01 12:05:20,1241.094,1
224735337,2026-02-01 12:05:21,1249.776,1
224734784,2026-02-01 11:49:50,25173.54,1
224735208,2026-02-01 12:04:46,2563.35,1
224735205,2026-02-01 12:04:46,2988.927,1
224732497,2026-02-01 10:44:45,128051.559,1
224735216,2026-02-01 12:04:49,2618.07,1
224735334,2026-02-01 12:05:20,973.092,1
224734802,2026-02-01 11:49:53,26384.99,1
224735009,2026-02-01 11:55:07,11468.61,1
224735311,2026-02-01 12:05:13,1222.27,1
224735294,2026-02-01 12:05:09,877.825,1
224735324,2026-02-01 12:05:17,893.198,1
224735301,2026-02-01 12:05:10,1022.31,1
224734764,2026-02-01 11:49:46,25527.97,1
224735239,2026-02-01 12:04:54,3020.732,1
224735353,2026-02-01 12:05:25,1246.275,1
224734891,2026-02-01 11:50:16,25591.86,1
224734577,2026-02-01 11:40:03,27436.494,1
224735288,2026-02-01 12:05:08,2990.861,1
224734765,2026-02-01 11:49:46,26340.75,1
224734895,2026-02-01 11:50:18,25011.2,1
224735051,2026-02-01 11:59:51,13226.863,1
224735371,2026-02-01 12:05:30,1179.854,1
224735403,2026-02-01 12:05:40,975.821,1
224735366,2026-02-01 12:05:28,1281.066,1
224735402,2026-02-01 12:05:40,942.328,1
224732432,2026-02-01 10:39:56,101951.22,1
224735319,2026-02-01 12:05:16,1088.374,1
224732866,2026-02-01 10:59:43,68892.342,1
224734833,2026-02-01 11:50:01,25293.669,1
224735230,2026-02-01 12:04:51,3265.024,1
224735339,2026-02-01 12:05:21,1113.75,1
224735399,2026-02-01 12:05:39,1253.304,1
224735375,2026-02-01 12:05:30,1183.49,1
224735252,2026-02-01 12:04:59,3148.376,1
224734828,2026-02-01 11:50:00,19343.394,1
224735193,2026-02-01 12:04:43,3179.914,1
224735377,2026-02-01 12:05:32,926.618,1
224735284,2026-02-01 12:05:07,1229.31,1
224735338,2026-02-01 12:05:21,1198.626,1
224735360,2026-02-01 12:05:28,1259.545,1
224735314,2026-02-01 12:05:13,954.726,1
224735227,2026-02-01 12:04:51,3031.86,1
224735416,2026-02-01 12:05:46,1023.374,1
224735313,2026-02-01 12:05:13,2940.652,1
224735290,2026-02-01 12:05:08,2449.422,1
224735088,2026-02-01 12:00:01,13121.718,1
224732433,2026-02-01 10:39:56,131961.278,1
224735238,2026-02-01 12:04:54,2612.064,1
224734753,2026-02-01 11:49:43,25136.541,1
224734835,2026-02-01 11:50:01,26807.413,1
224735263,2026-02-01 12:05:02,2823.968,1
224735364,2026-02-01 12:05:28,2504.406,1
224735265,2026-02-01 12:05:02,3068.736,1
224735279,2026-02-01 12:05:05,2784.537,1
224734773,2026-02-01 11:49:48,27599.55,1
224735340,2026-02-01 12:05:21,1263.715,1
224735055,2026-02-01 11:59:53,13332.096,1
224735413,2026-02-01 12:05:45,1195.392,1
224735262,2026-02-01 12:05:01,2467.92,1
224735209,2026-02-01 12:04:46,3029.664,1
224735021,2026-02-01 11:59:44,12906.144,1
224735274,2026-02-01 12:05:05,2521.376,1
224735257,2026-02-01 12:05:00,3087.648,1
224734778,2026-02-01 11:49:48,26755.516,1
224735405,2026-02-01 12:05:42,1013.252,1
224734618,2026-02-01 11:40:12,46223.313,1
224734787,2026-02-01 11:49:51,21681.0,1
224735302,2026-02-01 12:05:10,2287.168,1
224735396,2026-02-01 12:05:37,984.546,1
224735385,2026-02-01 12:05:34,1273.076,1
224735330,2026-02-01 12:05:18,2403.58,1
224735235,2026-02-01 12:04:54,2581.72,1
224734870,2026-02-01 11:50:09,26282.976,1
224735032,2026-02-01 11:59:47,13170.369,1
224734626,2026-02-01 11:40:14,48626.968,1
224734685,2026-02-01 11:40:32,42791.678,1
224734929,2026-02-01 11:54:42,24593.526,1
224735372,2026-02-01 12:05:30,3124.166,1
224734637,2026-02-01 11:40:16,43490.74,1
224735341,2026-02-01 12:05:21,2829.25,1
224735269,2026-02-01 12:05:02,2349.195,1
224735390,2026-02-01 12:05:35,1003.26,1
224735251,2026-02-01 12:04:57,3183.174,1
224735422,2026-02-01 12:05:50,1105.955,1
224735369,2026-02-01 12:05:30,1110.991,1
224732415,2026-02-01 10:39:52,106468.701,1
224734613,2026-02-01 11:40:11,43404.768,1
224734692,2026-02-01 11:40:43,42521.18,1
224734621,2026-02-01 11:40:13,43112.832,1
224735048,2026-02-01 11:59:51,14237.601,1
224735303,2026-02-01 12:05:11,2564.595,1
224734924,2026-02-01 11:50:35,26870.458,1
224734646,2026-02-01 11:40:18,41347.306,1
224735373,2026-02-01 12:05:30,974.292,1
224734794,2026-02-01 11:49:52,19322.16,1
224734885,2026-02-01 11:50:14,28043.582,1
224735423,2026-02-01 12:05:50,1081.149,1
224735304,2026-02-01 12:05:11,2292.072,1
224734883,2026-02-01 11:50:13,20725.796,1
224735099,2026-02-01 12:00:03,12985.206,1
224735080,2026-02-01 11:59:58,14053.858,1
224734918,2026-02-01 11:50:30,18326.431,1
224732434,2026-02-01 10:39:57,137248.917,1
224735003,2026-02-01 11:55:03,13212.23,1
224735142,2026-02-01 12:00:13,12053.6,1
224734605,2026-02-01 11:40:09,41679.75,1
224734641,2026-02-01 11:40:18,37173.341,1
224735136,2026-02-01 12:00:11,14117.675,1
224735126,2026-02-01 12:00:08,13646.101,1
224734675,2026-02-01 11:40:27,46027.31,1
224735267,2026-02-01 12:05:02,2859.018,1
224732500,2026-02-01 10:44:47,142191.732,1
224734642,2026-02-01 11:40:18,46758.708,1
224734690,2026-02-01 11:40:38,43600.92,1
224735064,2026-02-01 11:59:55,11922.344,1
224732426,2026-02-01 10:39:55,133799.34,1
224735085,2026-02-01 12:00:00,13116.555,1
224734915,2026-02-01 11:50:28,20843.807,1
224734894,2026-02-01 11:50:18,25821.666,1
224735056,2026-02-01 11:59:53,12055.584,1
224732913,2026-02-01 10:59:53,64785.372,1
224734901,2026-02-01 11:50:20,20303.494,1
224735259,2026-02-01 12:05:00,3108.249,1
224734868,2026-02-01 11:50:09,31673.374,1
224735084,2026-02-01 12:00:00,14783.34,1
224734777,2026-02-01 11:49:48,25490.824,1
224732390,2026-02-01 10:39:47,134189.415,1
224735083,2026-02-01 11:59:59,14368.38,1
224732442,2026-02-01 10:39:58,120850.888,1
224734711,2026-02-01 11:44:45,36873.18,1
224735441,2026-02-01 12:09:43,975.044,1
224735180,2026-02-01 12:00:26,11809.53,1
224735459,2026-02-01 12:09:49,1094.737,1
224735033,2026-02-01 11:59:48,14752.848,1
224735078,2026-02-01 11:59:58,10490.841,1
224735094,2026-02-01 12:00:02,14999.762,1
224734657,2026-02-01 11:40:22,32525.448,1
224735444,2026-02-01 12:09:43,1224.3,1
224735116,2026-02-01 12:00:06,19363.05,1
224732483,2026-02-01 10:44:42,138372.483,1
224735464,2026-02-01 12:09:49,1553.65,1
224734763,2026-02-01 11:49:46,21997.932,1
224735023,2026-02-01 11:59:45,11340.978,1
224735452,2026-02-01 12:09:46,946.659,1
224734744,2026-02-01 11:44:55,36051.12,1
224735076,2026-02-01 11:59:58,15874.614,1
224735507,2026-02-01 12:10:00,2131.272,1
224735514,2026-02-01 12:10:01,1904.04,1
224734741,2026-02-01 11:44:54,30324.739,1
224735498,2026-02-01 12:09:58,1465.45,1
224734927,2026-02-01 11:54:42,26617.563,1
224735086,2026-02-01 12:00:00,11388.113,1
224735122,2026-02-01 12:00:08,14498.066,1
224735069,2026-02-01 11:59:56,14991.0,1
224735110,2026-02-01 12:00:05,11375.835,1
224735145,2026-02-01 12:00:13,9857.466,1
224735531,2026-02-01 12:10:05,1981.584,1
224735466,2026-02-01 12:09:50,1559.16,1
224735549,2026-02-01 12:10:09,1624.046,1
224706354,2026-02-01 00:20:27,880254.128,1
224734967,2026-02-01 11:54:53,26321.328,1
224729551,2026-02-01 09:19:59,163185.516,1
224735036,2026-02-01 11:59:48,15064.72,1
224735562,2026-02-01 12:10:12,1903.43,1
224735550,2026-02-01 12:10:10,1925.7,1
224735537,2026-02-01 12:10:07,1730.88,1
224733050,2026-02-01 11:00:27,69405.2,1
224735592,2026-02-01 12:10:19,1821.072,1
224735581,2026-02-01 12:10:16,2034.9,1
224735540,2026-02-01 12:10:07,2034.368,1
224735018,2026-02-01 11:59:43,12353.792,1
224734712,2026-02-01 11:44:45,28570.576,1
224734944,2026-02-01 11:54:45,27363.952,1
224735535,2026-02-01 12:10:06,1257.363,1
224735065,2026-02-01 11:59:55,12410.657,1
224735601,2026-02-01 12:10:21,1903.734,1
224732472,2026-02-01 10:40:10,130642.146,1
224734701,2026-02-01 11:44:42,38025.45,1
224735594,2026-02-01 12:10:19,1671.93,1
224735539,2026-02-01 12:10:07,922.126,1
224735538,2026-02-01 12:10:07,1744.992,1
224732410,2026-02-01 10:39:51,138041.634,1
224735123,2026-02-01 12:00:08,12055.68,1
224734791,2026-02-01 11:49:51,42085.962,1
224735483,2026-02-01 12:09:54,6655.75,1
224735555,2026-02-01 12:10:10,6871.344,1
224735506,2026-02-01 12:09:59,7247.667,1
224735554,2026-02-01 12:10:10,6596.716,1
224735636,2026-02-01 12:10:29,1270.2,1
224735631,2026-02-01 12:10:28,2048.466,1
224735641,2026-02-01 12:10:31,1506.012,1
224735626,2026-02-01 12:10:27,1665.517,1
224735605,2026-02-01 12:10:21,1816.278,1
224735572,2026-02-01 12:10:14,1848.258,1
224735495,2026-02-01 12:09:57,6956.56,1
224735526,2026-02-01 12:10:04,7142.72,1
224735496,2026-02-01 12:09:57,6668.012,1
224735175,2026-02-01 12:00:24,11981.456,1
224735575,2026-02-01 12:10:15,1637.532,1
224734829,2026-02-01 11:50:00,42494.166,1
224735124,2026-02-01 12:00:08,13897.136,1
224735501,2026-02-01 12:09:59,5907.36,1
224735680,2026-02-01 12:10:52,1786.0,1
224734749,2026-02-01 11:44:57,47570.424,1
224735649,2026-02-01 12:10:34,1335.462,1
224735615,2026-02-01 12:10:24,5674.32,1
224735628,2026-02-01 12:10:28,1571.478,1
224734580,2026-02-01 11:40:03,32672.172,1
224735658,2026-02-01 12:10:37,1573.337,1
224734812,2026-02-01 11:49:56,38367.86,1
224734815,2026-02-01 11:49:57,46415.4,1
224734808,2026-02-01 11:49:55,37318.5,1
224734896,2026-02-01 11:50:18,42565.824,1
224734832,2026-02-01 11:50:00,37365.419,1
224734771,2026-02-01 11:49:46,41040.45,1
224735675,2026-02-01 12:10:45,1918.812,1
224734807,2026-02-01 11:49:55,23055.861,1
224735662,2026-02-01 12:10:39,1369.6,1
224734858,2026-02-01 11:50:07,44363.26,1
224735611,2026-02-01 12:10:23,1746.101,1
224735643,2026-02-01 12:10:32,1303.39,1
224735688,2026-02-01 12:11:00,1985.22,1
224735608,2026-02-01 12:10:23,1848.11,1
224735599,2026-02-01 12:10:21,5225.475,1
224735703,2026-02-01 12:14:45,1775.02,1
224735734,2026-02-01 12:14:51,1235.19,1
224734849,2026-02-01 11:50:05,36289.539,1
224735618,2026-02-01 12:10:25,8854.924,1
224735698,2026-02-01 12:14:42,1455.216,1
224735737,2026-02-01 12:14:52,1426.2,1
224735668,2026-02-01 12:10:41,1296.295,1
224735566,2026-02-01 12:10:13,5797.386,1
224734795,2026-02-01 11:49:52,48090.042,1
224734609,2026-02-01 11:40:10,33123.636,1
224735621,2026-02-01 12:10:26,5702.554,1
224735619,2026-02-01 12:10:26,6386.688,1
224735598,2026-02-01 12:10:21,6133.882,1
224734781,2026-02-01 11:49:49,39856.488,1
224734854,2026-02-01 11:50:05,24524.656,1
224734664,2026-02-01 11:40:24,41462.262,1
224735705,2026-02-01 12:14:45,1248.376,1
224735741,2026-02-01 12:14:52,1388.752,1
224734627,2026-02-01 11:40:14,33930.026,1
224735178,2026-02-01 12:00:26,30501.85,1
224735723,2026-02-01 12:14:49,1426.482,1
224735606,2026-02-01 12:10:22,9011.054,1
224735711,2026-02-01 12:14:45,1760.874,1
224734624,2026-02-01 11:40:13,35944.7,1
224735770,2026-02-01 12:14:59,1132.331,1
224735700,2026-02-01 12:14:43,1474.902,1
224734600,2026-02-01 11:40:08,36696.576,1
224735706,2026-02-01 12:14:45,1321.94,1
224735758,2026-02-01 12:14:57,1193.842,1
224735756,2026-02-01 12:14:56,1482.806,1
224735456,2026-02-01 12:09:48,14794.566,1
224735637,2026-02-01 12:10:30,7278.153,1
224735786,2026-02-01 12:15:03,1324.512,1
224735691,2026-02-01 12:11:02,8059.324,1
224735771,2026-02-01 12:14:59,990.738,1
224732438,2026-02-01 10:39:57,151523.242,1
224735751,2026-02-01 12:14:55,1691.56,1
224735660,2026-02-01 12:10:37,4791.728,1
224735678,2026-02-01 12:10:49,1476.37,1
224735780,2026-02-01 12:15:02,956.818,1
224734801,2026-02-01 11:49:53,45929.005,1
224734579,2026-02-01 11:40:03,35867.379,1
224734770,2026-02-01 11:49:46,46780.803,1
224735785,2026-02-01 12:15:02,1137.034,1
224735742,2026-02-01 12:14:53,6828.16,1
224735565,2026-02-01 12:10:13,5974.618,1
224734651,2026-02-01 11:40:20,35382.362,1
224735596,2026-02-01 12:10:19,6811.44,1
224735792,2026-02-01 12:15:04,1293.864,1
224735677,2026-02-01 12:10:47,6722.872,1
224735720,2026-02-01 12:14:48,1445.192,1
224735647,2026-02-01 12:10:33,7028.5,1
224735799,2026-02-01 12:15:06,813.63,1
224734767,2026-02-01 11:49:46,47101.459,1
224735437,2026-02-01 12:09:43,16071.9,1
224735818,2026-02-01 12:15:11,1136.577,1
224735798,2026-02-01 12:15:06,1010.52,1
224735796,2026-02-01 12:15:05,1340.647,1
224735805,2026-02-01 12:15:07,1292.267,1
224735816,2026-02-01 12:15:09,869.06,1
224735802,2026-02-01 12:15:06,902.985,1
224735132,2026-02-01 12:00:10,32514.416,1
224734790,2026-02-01 11:49:51,47479.404,1
224735544,2026-02-01 12:10:08,11520.761,1
224735493,2026-02-01 12:09:57,16203.753,1
224735520,2026-02-01 12:10:03,15855.224,1
224735656,2026-02-01 12:10:37,5304.99,1
224734652,2026-02-01 11:40:20,37190.243,1
224735790,2026-02-01 12:15:04,1214.668,1
224735701,2026-02-01 12:14:43,6660.75,1
224735769,2026-02-01 12:14:59,1194.28,1
224735827,2026-02-01 12:15:13,1143.159,1
224735821,2026-02-01 12:15:11,922.266,1
224735795,2026-02-01 12:15:04,1277.79,1
224735850,2026-02-01 12:15:20,790.065,1
224735666,2026-02-01 12:10:40,6030.105,1
224735866,2026-02-01 12:15:29,1268.248,1
224735713,2026-02-01 12:14:47,1320.336,1
224735784,2026-02-01 12:15:02,1319.428,1
224735633,2026-02-01 12:10:28,6806.966,1
224735845,2026-02-01 12:15:18,926.528,1
224735804,2026-02-01 12:15:07,1331.188,1
224735730,2026-02-01 12:14:50,1371.774,1
224734769,2026-02-01 11:49:46,47104.236,1
224735541,2026-02-01 12:10:07,18777.672,1
224735830,2026-02-01 12:15:13,949.347,1
224735829,2026-02-01 12:15:13,2102.407,1
224735822,2026-02-01 12:15:11,1707.16,1
224735832,2026-02-01 12:15:14,960.52,1
224735685,2026-02-01 12:10:56,6407.064,1
224734732,2026-02-01 11:44:50,38630.676,1
224734800,2026-02-01 11:49:53,39612.828,1
224734633,2026-02-01 11:40:16,35649.205,1
224735815,2026-02-01 12:15:09,957.18,1
224735547,2026-02-01 12:10:09,7442.568,1
224735803,2026-02-01 12:15:07,1353.527,1
224735748,2026-02-01 12:14:55,1445.22,1
224735842,2026-02-01 12:15:16,1084.512,1
224735718,2026-02-01 12:14:48,4478.14,1
224735839,2026-02-01 12:15:15,1123.53,1
224735861,2026-02-01 12:15:26,910.928,1
224735612,2026-02-01 12:10:23,6457.342,1
224735813,2026-02-01 12:15:09,961.782,1
224735527,2026-02-01 12:10:05,18357.087,1
224735702,2026-02-01 12:14:43,5419.816,1
224735867,2026-02-01 12:15:31,740.0,1
224734761,2026-02-01 11:49:43,48095.52,1
224735834,2026-02-01 12:15:14,933.938,1
224735489,2026-02-01 12:09:56,18091.952,1
224735840,2026-02-01 12:15:16,1280.96,1
224734760,2026-02-01 11:49:43,45607.26,1
224735863,2026-02-01 12:15:27,990.884,1
224735862,2026-02-01 12:15:26,1470.24,1
224735843,2026-02-01 12:15:18,929.292,1
224734688,2026-02-01 11:40:34,36281.232,1
224735841,2026-02-01 12:15:16,940.079,1
224735836,2026-02-01 12:15:15,927.618,1
224735835,2026-02-01 12:15:14,1507.676,1
224735712,2026-02-01 12:14:45,5289.092,1
224735740,2026-02-01 12:14:52,6820.2,1
224735579,2026-02-01 12:10:16,1459.738,1
224734841,2026-02-01 11:50:03,46790.38,1
224734782,2026-02-01 11:49:49,39014.806,1
224735546,2026-02-01 12:10:08,5974.34,1
224735812,2026-02-01 12:15:09,1298.036,1
224735492,2026-02-01 12:09:57,14745.248,1
224735848,2026-02-01 12:15:20,1305.231,1
224735831,2026-02-01 12:15:14,860.016,1
224735858,2026-02-01 12:15:24,1599.918,1
224735846,2026-02-01 12:15:18,1632.5,1
224734842,2026-02-01 11:50:03,48077.095,1
224734822,2026-02-01 11:49:58,31045.14,1
224734759,2026-02-01 11:49:43,47591.712,1
224735789,2026-02-01 12:15:04,792.414,1
224735817,2026-02-01 12:15:09,861.922,1
224735851,2026-02-01 12:15:20,696.537,1
224735500,2026-02-01 12:09:58,13574.813,1
224735865,2026-02-01 12:15:29,827.7,1
224735591,2026-02-01 12:10:19,18702.216,1
224735855,2026-02-01 12:15:22,1177.449,1
224735852,2026-02-01 12:15:20,962.775,1
224735453,2026-02-01 12:09:46,13943.333,1
224734855,2026-02-01 11:50:05,34720.725,1
224735869,2026-02-01 12:15:33,1231.629,1
224735184,2026-02-01 12:00:30,33406.848,1
224735856,2026-02-01 12:15:22,1321.592,1
224735864,2026-02-01 12:15:27,855.151,1
224735879,2026-02-01 12:19:43,1210.32,1
224735847,2026-02-01 12:15:18,907.338,1
224735811,2026-02-01 12:15:09,1524.378,1
224734905,2026-02-01 11:50:23,45674.46,1
224735800,2026-02-01 12:15:06,994.518,1
224734816,2026-02-01 11:49:57,33353.1,1
224735854,2026-02-01 12:15:22,1503.242,1
224735455,2026-02-01 12:09:48,18982.656,1
224735357,2026-02-01 12:05:25,21162.64,1
224735509,2026-02-01 12:10:00,18914.171,1
224735365,2026-02-01 12:05:28,29350.674,1
224735480,2026-02-01 12:09:54,19378.86,1
224735860,2026-02-01 12:15:25,1266.33,1
224735481,2026-02-01 12:09:54,18985.444,1
224735807,2026-02-01 12:15:07,1432.267,1
224735849,2026-02-01 12:15:20,1375.14,1
224735859,2026-02-01 12:15:24,944.136,1
224735518,2026-02-01 12:10:03,19090.326,1
224735460,2026-02-01 12:09:49,19248.297,1
224735484,2026-02-01 12:09:54,14034.876,1
224735838,2026-02-01 12:15:15,1350.588,1
224735752,2026-02-01 12:14:55,5480.93,1
224735557,2026-02-01 12:10:12,17029.74,1
224735468,2026-02-01 12:09:51,13584.615,1
224734913,2026-02-01 11:50:27,40981.5,1
224735508,2026-02-01 12:10:00,14177.99,1
224735383,2026-02-01 12:05:33,29579.088,1
224734818,2026-02-01 11:49:58,34045.8,1
224734768,2026-02-01 11:49:46,36330.248,1
224735524,2026-02-01 12:10:04,18627.57,1
224735120,2026-02-01 12:00:08,34076.91,1
224735521,2026-02-01 12:10:03,18966.087,1
224735398,2026-02-01 12:05:39,28956.474,1
224735356,2026-02-01 12:05:25,28709.394,1
224735192,2026-02-01 12:04:43,31533.764,1
224735522,2026-02-01 12:10:03,19345.392,1
224734805,2026-02-01 11:49:55,38568.278,1
224735186,2026-02-01 12:00:30,26284.764,1
224735100,2026-02-01 12:00:03,40271.59,1
224735525,2026-02-01 12:10:04,15292.162,1
224735465,2026-02-01 12:09:50,14008.302,1
224735523,2026-02-01 12:10:03,17353.116,1
224735755,2026-02-01 12:14:56,6157.422,1
224734863,2026-02-01 11:50:07,34337.501,1
224735147,2026-02-01 12:00:15,38423.417,1
224735447,2026-02-01 12:09:46,13676.936,1
224735482,2026-02-01 12:09:54,13409.069,1
224735571,2026-02-01 12:10:14,18618.622,1
224735467,2026-02-01 12:09:51,23737.338,1
224735824,2026-02-01 12:15:11,6818.612,1
224734817,2026-02-01 11:49:58,36594.162,1
224735164,2026-02-01 12:00:19,33437.493,1
224735171,2026-02-01 12:00:22,34735.14,1
224735494,2026-02-01 12:09:57,17029.176,1
224735819,2026-02-01 12:15:11,6976.977,1
224735176,2026-02-01 12:00:24,26669.05,1
224735826,2026-02-01 12:15:11,5483.38,1
224735597,2026-02-01 12:10:20,21784.106,1
224735118,2026-02-01 12:00:08,35173.914,1
224735801,2026-02-01 12:15:06,6217.614,1
224735564,2026-02-01 12:10:13,14689.059,1
224735809,2026-02-01 12:15:09,6785.4,1
224735190,2026-02-01 12:00:35,34970.222,1
224735874,2026-02-01 12:19:43,7106.176,1
224735173,2026-02-01 12:00:22,34025.67,1
224735241,2026-02-01 12:04:55,31865.88,1
224735428,2026-02-01 12:05:55,28587.013,1
224735880,2026-02-01 12:19:46,6825.0,1
224735681,2026-02-01 12:10:52,13647.69,1
224734702,2026-02-01 11:44:43,35988.45,1
224735462,2026-02-01 12:09:49,26506.092,1
224735602,2026-02-01 12:10:21,21939.618,1
224735576,2026-02-01 12:10:15,20762.28,1
224735331,2026-02-01 12:05:18,33515.376,1
224735889,2026-02-01 12:19:48,5275.473,1
224735872,2026-02-01 12:19:43,5790.25,1
224735515,2026-02-01 12:10:01,22426.46,1
224735871,2026-02-01 12:19:43,8463.0,1
224735652,2026-02-01 12:10:35,13529.425,1
224735109,2026-02-01 12:00:05,39682.15,1
224735222,2026-02-01 12:04:51,25439.23,1
224735620,2026-02-01 12:10:26,16319.006,1
224735391,2026-02-01 12:05:36,28260.106,1
224735392,2026-02-01 12:05:37,28669.498,1
224735425,2026-02-01 12:05:51,29474.302,1
224735721,2026-02-01 12:14:48,5684.445,1
224735400,2026-02-01 12:05:40,33703.8,1
224735877,2026-02-01 12:19:43,6732.194,1
224735684,2026-02-01 12:10:56,12678.039,1
224732477,2026-02-01 10:40:18,139067.349,1
224735873,2026-02-01 12:19:43,5806.143,1
224735870,2026-02-01 12:15:35,6246.801,1
224735764,2026-02-01 12:14:58,15023.968,1
224735886,2026-02-01 12:19:46,5218.491,1
224735256,2026-02-01 12:05:00,33918.98,1
224735725,2026-02-01 12:14:49,12508.47,1
224735881,2026-02-01 12:19:46,6855.948,1
224735875,2026-02-01 12:19:43,6556.25,1
224735559,2026-02-01 12:10:12,14277.099,1
224735568,2026-02-01 12:10:14,20746.466,1
224735679,2026-02-01 12:10:50,17948.16,1
224735490,2026-02-01 12:09:56,21186.378,1
224735127,2026-02-01 12:00:09,28620.592,1
224735892,2026-02-01 12:19:48,6851.26,1
224735762,2026-02-01 12:14:57,15766.758,1
224735732,2026-02-01 12:14:50,5382.24,1
224735661,2026-02-01 12:10:39,15656.317,1
224735510,2026-02-01 12:10:00,18785.02,1
224735878,2026-02-01 12:19:43,5729.07,1
224735552,2026-02-01 12:10:10,12317.94,1
224735307,2026-02-01 12:05:13,36232.574,1
224735158,2026-02-01 12:00:17,38891.542,1
224735332,2026-02-01 12:05:18,29628.008,1
224735884,2026-02-01 12:19:46,5443.937,1
224735436,2026-02-01 12:09:43,29134.872,1
224735435,2026-02-01 12:09:43,25005.251,1
224735853,2026-02-01 12:15:22,5803.437,1
224735893,2026-02-01 12:19:48,5988.6,1
224735894,2026-02-01 12:19:51,4820.2,1
224735891,2026-02-01 12:19:48,6434.001,1
224735899,2026-02-01 12:19:55,5675.87,1
224735900,2026-02-01 12:19:55,6576.493,1
224735682,2026-02-01 12:10:54,15929.104,1
224735137,2026-02-01 12:00:11,37736.445,1
224735669,2026-02-01 12:10:42,18975.375,1
224735902,2026-02-01 12:19:59,6183.828,1
224735253,2026-02-01 12:04:59,37043.76,1
224735883,2026-02-01 12:19:46,5743.88,1
224735648,2026-02-01 12:10:33,11654.694,1
224735898,2026-02-01 12:19:53,5352.336,1
224735890,2026-02-01 12:19:48,5240.7,1
224735197,2026-02-01 12:04:43,40332.848,1
224735885,2026-02-01 12:19:46,6594.94,1
224735448,2026-02-01 12:09:46,23041.046,1
224735635,2026-02-01 12:10:29,19691.424,1
224735604,2026-02-01 12:10:21,13710.84,1
224735134,2026-02-01 12:00:10,40298.31,1
224735445,2026-02-01 12:09:46,31146.05,1
224735588,2026-02-01 12:10:18,15094.64,1
224735393,2026-02-01 12:05:37,30193.702,1
224735321,2026-02-01 12:05:16,41213.79,1
224735282,2026-02-01 12:05:05,36775.804,1
224735542,2026-02-01 12:10:07,17484.832,1
224735225,2026-02-01 12:04:51,29625.018,1
224735663,2026-02-01 12:10:39,12615.932,1
224735140,2026-02-01 12:00:13,43246.518,1
224735687,2026-02-01 12:10:58,15188.46,1
224735246,2026-02-01 12:04:57,36537.605,1
224735630,2026-02-01 12:10:28,18744.237,1
224735438,2026-02-01 12:09:43,17395.729,1
224735355,2026-02-01 12:05:25,33997.248,1
224735726,2026-02-01 12:14:50,9301.38,1
224735733,2026-02-01 12:14:51,16365.778,1
224735895,2026-02-01 12:19:51,6629.162,1
224735315,2026-02-01 12:05:15,33681.159,1
224735433,2026-02-01 12:06:03,26420.592,1
224735659,2026-02-01 12:10:37,12039.182,1
224735670,2026-02-01 12:10:42,15275.56,1
224735896,2026-02-01 12:19:51,5665.04,1
224735704,2026-02-01 12:14:45,13940.184,1
224735461,2026-02-01 12:09:49,18680.272,1
224735224,2026-02-01 12:04:51,32720.765,1
224735165,2026-02-01 12:00:20,38425.038,1
224735587,2026-02-01 12:10:18,14848.1,1
224735472,2026-02-01 12:09:51,28237.105,1
224735446,2026-02-01 12:09:46,22633.83,1
224735897,2026-02-01 12:19:53,5489.316,1
224735223,2026-02-01 12:04:51,28134.7,1
224735220,2026-02-01 12:04:49,38497.726,1
224735793,2026-02-01 12:15:04,18126.284,1
224735808,2026-02-01 12:15:09,12806.184,1
224735198,2026-02-01 12:04:43,30326.112,1
224735750,2026-02-01 12:14:55,13035.68,1
224735454,2026-02-01 12:09:46,28326.913,1
224735345,2026-02-01 12:05:23,27521.004,1
224735229,2026-02-01 12:04:51,37400.192,1
224735757,2026-02-01 12:14:56,17886.925,1
224735548,2026-02-01 12:10:09,11325.272,1
224735553,2026-02-01 12:10:10,34704.374,1
224735243,2026-02-01 12:04:57,33544.632,1
224735743,2026-02-01 12:14:54,18064.242,1
224735651,2026-02-01 12:10:35,16466.472,1
224735773,2026-02-01 12:15:00,12276.432,1
224735882,2026-02-01 12:19:46,6236.0,1
224735887,2026-02-01 12:19:46,6326.208,1
224735927,2026-02-01 12:24:48,4496.128,1
224735973,2026-02-01 12:25:07,3168.65,1
224735155,2026-02-01 12:00:17,40192.956,1
224735519,2026-02-01 12:10:03,25557.63,1
224735622,2026-02-01 12:10:26,13916.346,1
224735934,2026-02-01 12:24:51,3232.166,1
224735967,2026-02-01 12:25:03,3005.76,1
224735473,2026-02-01 12:09:51,27686.825,1
224735503,2026-02-01 12:09:59,18531.16,1
224735857,2026-02-01 12:15:24,6362.705,1
224735671,2026-02-01 12:10:43,18811.792,1
224735129,2026-02-01 12:00:10,41338.44,1
224735699,2026-02-01 12:14:42,18739.76,1
224735868,2026-02-01 12:15:31,6128.966,1
224735709,2026-02-01 12:14:45,11847.834,1
224735300,2026-02-01 12:05:10,30003.034,1
224735667,2026-02-01 12:10:41,12239.496,1
224735627,2026-02-01 12:10:27,14515.216,1
224735203,2026-02-01 12:04:46,35174.04,1
224735901,2026-02-01 12:19:57,5558.512,1
224735589,2026-02-01 12:10:18,16956.786,1
224735191,2026-02-01 12:04:43,28863.636,1
224735954,2026-02-01 12:24:56,3536.782,1
224735715,2026-02-01 12:14:47,17944.807,1
224735876,2026-02-01 12:19:43,6273.072,1
224735888,2026-02-01 12:19:48,6320.538,1
224735903,2026-02-01 12:24:42,3249.891,1
224735204,2026-02-01 12:04:46,39577.428,1
224735962,2026-02-01 12:25:01,3032.736,1
224735349,2026-02-01 12:05:23,40088.034,1
224735946,2026-02-01 12:24:54,3776.25,1
224735638,2026-02-01 12:10:30,16572.288,1
224735146,2026-02-01 12:00:13,39323.518,1
224735953,2026-02-01 12:24:56,2915.045,1
224735963,2026-02-01 12:25:01,3775.628,1
224735187,2026-02-01 12:00:32,39239.676,1
224735729,2026-02-01 12:14:50,13111.995,1
224735504,2026-02-01 12:09:59,37663.83,1
224735278,2026-02-01 12:05:05,34026.2,1
224735585,2026-02-01 12:10:17,13990.968,1
224735933,2026-02-01 12:24:51,2798.967,1
224735655,2026-02-01 12:10:37,16744.184,1
224735761,2026-02-01 12:14:57,17731.818,1
224735181,2026-02-01 12:00:28,29421.499,1
224735731,2026-02-01 12:14:50,16833.95,1
224735672,2026-02-01 12:10:43,14884.653,1
224735411,2026-02-01 12:05:44,29058.219,1
224735955,2026-02-01 12:24:58,3449.871,1
224735530,2026-02-01 12:10:05,25908.465,1
224735959,2026-02-01 12:24:58,2654.834,1
224735654,2026-02-01 12:10:35,18028.45,1
224735233,2026-02-01 12:04:54,35739.769,1
224735617,2026-02-01 12:10:25,20184.523,1
224735749,2026-02-01 12:14:55,19175.68,1
224735724,2026-02-01 12:14:49,20942.88,1
224735231,2026-02-01 12:04:53,39101.86,1
224735306,2026-02-01 12:05:13,39614.315,1
224735471,2026-02-01 12:09:51,27143.406,1
224735970,2026-02-01 12:25:05,2835.36,1
224735716,2026-02-01 12:14:48,18901.344,1
224735971,2026-02-01 12:25:05,3496.76,1
224735941,2026-02-01 12:24:53,3667.521,1
224735949,2026-02-01 12:24:56,3140.478,1
224735362,2026-02-01 12:05:28,39568.2,1
224735157,2026-02-01 12:00:17,41219.991,1
224735327,2026-02-01 12:05:18,40640.908,1
224735574,2026-02-01 12:10:15,26886.37,1
224735517,2026-02-01 12:10:03,28723.968,1
224735247,2026-02-01 12:04:57,26806.693,1
224735782,2026-02-01 12:15:02,11263.428,1
224735333,2026-02-01 12:05:19,39592.179,1
224735746,2026-02-01 12:14:54,11887.545,1
224735533,2026-02-01 12:10:06,20578.239,1
224735212,2026-02-01 12:04:48,53907.872,1
224735271,2026-02-01 12:05:02,39739.28,1
224735736,2026-02-01 12:14:52,15287.318,1
224735739,2026-02-01 12:14:52,13708.386,1
224735270,2026-02-01 12:05:02,36449.5,1
224735543,2026-02-01 12:10:08,27913.248,1
224735593,2026-02-01 12:10:19,30809.835,1
224735368,2026-02-01 12:05:30,34733.14,1
224735943,2026-02-01 12:24:53,3198.236,1
224735624,2026-02-01 12:10:26,13359.021,1
224735674,2026-02-01 12:10:45,13299.62,1
224735664,2026-02-01 12:10:39,16537.842,1
224735427,2026-02-01 12:05:52,34850.361,1
224735673,2026-02-01 12:10:44,14555.706,1
224735569,2026-02-01 12:10:14,19710.504,1
224735714,2026-02-01 12:14:47,15180.946,1
224735367,2026-02-01 12:05:28,33630.763,1
224735760,2026-02-01 12:14:57,17200.86,1
224735788,2026-02-01 12:15:04,11558.556,1
224735320,2026-02-01 12:05:16,34055.936,1
224735639,2026-02-01 12:10:30,14713.347,1
224735285,2026-02-01 12:05:08,33831.252,1
224735653,2026-02-01 12:10:35,17093.556,1
224735689,2026-02-01 12:11:00,15313.42,1
224735775,2026-02-01 12:15:00,17783.049,1
224735376,2026-02-01 12:05:32,36010.59,1
224735642,2026-02-01 12:10:31,13914.428,1
224735488,2026-02-01 12:09:56,28115.482,1
224735217,2026-02-01 12:04:48,30516.93,1
224735354,2026-02-01 12:05:25,38287.458,1
224735342,2026-02-01 12:05:21,39615.212,1
224735407,2026-02-01 12:05:42,34625.134,1
224735820,2026-02-01 12:15:11,10475.304,1
224735595,2026-02-01 12:10:19,26574.309,1
224735450,2026-02-01 12:09:46,31089.095,1
224735312,2026-02-01 12:05:13,41595.741,1
224735558,2026-02-01 12:10:12,17496.576,1
224735487,2026-02-01 12:09:56,23794.925,1
224735188,2026-02-01 12:00:33,33896.871,1
224735273,2026-02-01 12:05:04,40867.72,1
224735384,2026-02-01 12:05:34,33875.745,1
224735580,2026-02-01 12:10:16,20396.64,1
224735950,2026-02-01 12:24:56,7680.36,1
224735426,2026-02-01 12:05:52,40483.2,1
224735414,2026-02-01 12:05:46,35043.706,1
224735772,2026-02-01 12:14:59,21220.774,1
224735430,2026-02-01 12:05:57,35601.258,1
224735707,2026-02-01 12:14:45,14904.54,1
224735582,2026-02-01 12:10:16,13839.519,1
224735277,2026-02-01 12:05:05,29279.469,1
224735329,2026-02-01 12:05:18,35517.165,1
224735609,2026-02-01 12:10:23,13687.52,1
224735600,2026-02-01 12:10:21,13501.574,1
224735359,2026-02-01 12:05:26,26480.74,1
224735616,2026-02-01 12:10:24,21852.72,1
224735449,2026-02-01 12:09:46,19853.454,1
224735727,2026-02-01 12:14:50,14502.15,1
224735347,2026-02-01 12:05:23,38626.386,1
224735309,2026-02-01 12:05:13,42235.5,1
224735825,2026-02-01 12:15:11,15187.74,1
224735379,2026-02-01 12:05:33,35536.872,1
224735211,2026-02-01 12:04:48,39792.908,1
224735632,2026-02-01 12:10:28,24074.496,1
224735646,2026-02-01 12:10:33,17837.96,1
224735469,2026-02-01 12:09:51,32433.987,1
224735479,2026-02-01 12:09:54,27766.992,1
224735439,2026-02-01 12:09:43,26032.32,1
224735202,2026-02-01 12:04:46,39981.786,1
224735665,2026-02-01 12:10:40,24739.953,1
224735697,2026-02-01 12:14:42,13016.039,1
224735763,2026-02-01 12:14:58,14148.834,1
224735406,2026-02-01 12:05:42,35171.5,1
224735380,2026-02-01 12:05:33,33894.0,1
224735499,2026-02-01 12:09:58,24211.195,1
224735561,2026-02-01 12:10:12,26383.138,1
224735528,2026-02-01 12:10:05,25734.48,1
224735244,2026-02-01 12:04:57,36294.054,1
224735226,2026-02-01 12:04:51,52242.757,1
224735417,2026-02-01 12:05:47,39200.827,1
224735397,2026-02-01 12:05:38,38244.92,1
224735536,2026-02-01 12:10:06,26143.932,1
224735938,2026-02-01 12:24:51,8327.571,1
224735395,2026-02-01 12:05:37,34468.352,1
224735249,2026-02-01 12:04:57,40398.168,1
224735766,2026-02-01 12:14:58,20108.75,1
224735972,2026-02-01 12:25:05,7276.704,1
224735432,2026-02-01 12:06:01,41119.078,1
224735694,2026-02-01 12:14:42,13967.2,1
224735745,2026-02-01 12:14:54,19348.956,1
224735948,2026-02-01 12:24:56,8652.448,1
224735590,2026-02-01 12:10:19,14310.0,1
224735776,2026-02-01 12:15:01,20300.127,1
224735228,2026-02-01 12:04:51,40737.122,1
224735567,2026-02-01 12:10:14,16080.765,1
224735610,2026-02-01 12:10:23,15557.47,1
224735258,2026-02-01 12:05:00,40653.188,1
224735297,2026-02-01 12:05:10,39122.46,1
224735189,2026-02-01 12:00:34,43313.858,1
224735961,2026-02-01 12:24:59,7616.492,1
224735281,2026-02-01 12:05:05,39143.413,1
224735683,2026-02-01 12:10:54,18554.912,1
224735634,2026-02-01 12:10:28,16082.332,1
224735774,2026-02-01 12:15:00,16175.007,1
224735236,2026-02-01 12:04:54,41407.072,1
224735207,2026-02-01 12:04:46,46348.698,1
224735292,2026-02-01 12:05:08,41128.222,1
224735344,2026-02-01 12:05:23,34873.683,1
224735645,2026-02-01 12:10:32,16581.36,1
224735629,2026-02-01 12:10:28,16363.704,1
224734796,2026-02-01 11:49:53,37676.64,1
224735196,2026-02-01 12:04:43,38038.8,1
224735457,2026-02-01 12:09:49,22557.64,1
224735318,2026-02-01 12:05:16,38744.064,1
224735237,2026-02-01 12:04:54,41201.424,1
224735511,2026-02-01 12:10:01,21858.827,1
224735676,2026-02-01 12:10:47,21031.056,1
224735516,2026-02-01 12:10:01,25415.196,1
224735194,2026-02-01 12:04:43,41789.238,1
224734884,2026-02-01 11:50:14,42362.326,1
224735570,2026-02-01 12:10:14,19912.27,1
224735458,2026-02-01 12:09:49,21271.644,1
224735477,2026-02-01 12:09:54,21650.125,1
224735779,2026-02-01 12:15:02,11186.162,1
224735308,2026-02-01 12:05:13,41842.179,1
224735283,2026-02-01 12:05:06,39423.174,1
224735965,2026-02-01 12:25:01,5112.21,1
224735434,2026-02-01 12:06:05,40270.302,1
224735201,2026-02-01 12:04:46,41355.34,1
224735735,2026-02-01 12:14:52,21984.336,1
224735245,2026-02-01 12:04:57,41594.404,1
224735791,2026-02-01 12:15:04,20480.02,1
224735370,2026-02-01 12:05:30,40554.63,1
224735640,2026-02-01 12:10:31,27505.456,1
224735980,2026-02-01 12:29:43,3444.309,1
224735989,2026-02-01 12:29:46,2944.35,1
224735806,2026-02-01 12:15:07,14435.204,1
224735778,2026-02-01 12:15:02,12736.84,1
224735156,2026-02-01 12:00:17,34584.396,1
224735968,2026-02-01 12:25:03,8983.224,1
224735264,2026-02-01 12:05:02,40901.64,1
224735710,2026-02-01 12:14:45,19555.463,1
224735693,2026-02-01 12:14:42,12546.464,1
224735918,2026-02-01 12:24:46,7051.347,1
224735985,2026-02-01 12:29:45,2541.25,1
224735692,2026-02-01 12:11:04,15703.443,1
224735382,2026-02-01 12:05:33,38801.676,1
224735348,2026-02-01 12:05:23,41255.004,1
224736008,2026-02-01 12:29:50,2760.104,1
224735346,2026-02-01 12:05:23,40720.656,1
224736107,2026-02-01 12:30:12,3055.308,1
224736102,2026-02-01 12:30:11,3330.255,1
224736035,2026-02-01 12:29:56,3445.368,1
224736078,2026-02-01 12:30:06,3216.9,1
224736145,2026-02-01 12:30:22,3080.455,1
224735148,2026-02-01 12:00:15,38189.232,1
224736061,2026-02-01 12:30:02,3572.91,1
224736072,2026-02-01 12:30:05,3076.328,1
224736125,2026-02-01 12:30:17,3922.432,1
224736163,2026-02-01 12:30:30,2750.108,1
224736026,2026-02-01 12:29:54,2566.71,1
224735837,2026-02-01 12:15:15,16186.29,1
224735115,2026-02-01 12:00:06,33749.832,1
224735442,2026-02-01 12:09:43,35027.678,1
224736137,2026-02-01 12:30:19,3023.46,1
224735139,2026-02-01 12:00:12,31002.129,1
224736075,2026-02-01 12:30:05,3694.131,1
224736156,2026-02-01 12:30:27,2868.53,1
224735747,2026-02-01 12:14:54,16095.4,1
224736051,2026-02-01 12:30:00,3571.2,1
224736049,2026-02-01 12:29:59,3350.388,1
224735997,2026-02-01 12:29:48,2792.4,1
224736146,2026-02-01 12:30:22,3133.443,1
224735975,2026-02-01 12:29:43,3714.636,1
224735463,2026-02-01 12:09:49,34856.742,1
224735577,2026-02-01 12:10:16,31143.288,1
224736047,2026-02-01 12:29:58,3578.862,1
224736014,2026-02-01 12:29:51,2260.113,1
224735200,2026-02-01 12:04:43,42690.726,1
224736009,2026-02-01 12:29:50,3804.268,1
224735421,2026-02-01 12:05:49,49965.694,1
224735293,2026-02-01 12:05:08,42690.34,1
224735389,2026-02-01 12:05:35,40720.43,1
224735810,2026-02-01 12:15:09,20576.016,1
224735978,2026-02-01 12:29:43,2937.331,1
224732471,2026-02-01 10:40:09,113917.584,1
224735977,2026-02-01 12:29:43,3149.212,1
224736092,2026-02-01 12:30:09,2684.385,1
224735214,2026-02-01 12:04:48,42773.531,1
224735476,2026-02-01 12:09:52,25584.456,1
224736004,2026-02-01 12:29:49,3306.708,1
224735351,2026-02-01 12:05:24,40660.668,1
224735995,2026-02-01 12:29:47,3238.971,1
224735240,2026-02-01 12:04:54,39675.917,1
224736041,2026-02-01 12:29:58,3003.6,1
224736096,2026-02-01 12:30:10,3086.088,1
224735984,2026-02-01 12:29:45,2924.9,1
224735322,2026-02-01 12:05:16,41116.605,1
224735738,2026-02-01 12:14:52,16053.362,1
224735988,2026-02-01 12:29:46,3161.438,1
224736138,2026-02-01 12:30:19,2349.552,1
224736055,2026-02-01 12:30:01,2729.35,1
224736020,2026-02-01 12:29:53,3345.74,1
224736133,2026-02-01 12:30:19,2470.38,1
224736136,2026-02-01 12:30:19,4293.012,1
224736062,2026-02-01 12:30:03,3751.734,1
224736160,2026-02-01 12:30:28,2732.032,1
224735470,2026-02-01 12:09:51,34757.182,1
224736144,2026-02-01 12:30:21,3334.056,1
224735529,2026-02-01 12:10:05,35573.244,1
224736058,2026-02-01 12:30:01,3730.384,1
224735440,2026-02-01 12:09:43,35278.82,1
224735502,2026-02-01 12:09:59,28571.782,1
224735443,2026-02-01 12:09:43,28595.632,1
224736024,2026-02-01 12:29:53,3150.308,1
224735744,2026-02-01 12:14:54,18247.6,1
224735335,2026-02-01 12:05:20,41853.557,1
224735286,2026-02-01 12:05:08,25924.305,1
224736131,2026-02-01 12:30:18,3264.157,1
224735316,2026-02-01 12:05:15,32608.735,1
224735717,2026-02-01 12:14:48,16758.72,1
224736150,2026-02-01 12:30:24,2514.12,1
224736087,2026-02-01 12:30:08,2421.837,1
224735696,2026-02-01 12:14:42,18417.168,1
224736081,2026-02-01 12:30:07,2348.205,1
224735532,2026-02-01 12:10:05,24795.528,1
224735170,2026-02-01 12:00:22,32856.552,1
224735994,2026-02-01 12:29:47,4492.596,1
224736064,2026-02-01 12:30:03,2985.53,1
224736052,2026-02-01 12:30:01,2279.802,1
224735695,2026-02-01 12:14:42,21727.336,1
224735986,2026-02-01 12:29:45,2863.47,1
224736016,2026-02-01 12:29:52,3874.516,1
224735213,2026-02-01 12:04:48,29969.368,1
224736005,2026-02-01 12:29:49,2975.544,1
224735505,2026-02-01 12:09:59,33618.689,1
224735381,2026-02-01 12:05:33,41525.69,1
224735777,2026-02-01 12:15:01,17310.029,1
224735497,2026-02-01 12:09:58,19291.52,1
224736046,2026-02-01 12:29:58,2586.46,1
224735474,2026-02-01 12:09:51,34481.355,1
224735296,2026-02-01 12:05:10,43049.25,1
224735387,2026-02-01 12:05:35,40863.888,1
224736094,2026-02-01 12:30:10,2858.669,1
224735992,2026-02-01 12:29:46,2784.43,1
224736054,2026-02-01 12:30:01,2604.64,1
224735551,2026-02-01 12:10:10,23217.392,1
224735945,2026-02-01 12:24:53,7462.838,1
224735951,2026-02-01 12:24:56,7126.434,1
224736056,2026-02-01 12:30:01,3597.568,1
224736038,2026-02-01 12:29:57,3308.014,1
224736153,2026-02-01 12:30:25,2473.716,1
224735969,2026-02-01 12:25:03,7285.062,1
224735478,2026-02-01 12:09:54,24177.028,1
224735475,2026-02-01 12:09:52,25599.184,1
224735280,2026-02-01 12:05:05,33596.992,1
224735310,2026-02-01 12:05:13,32639.586,1
224736158,2026-02-01 12:30:28,3344.834,1
224735767,2026-02-01 12:14:59,27452.888,1
224735404,2026-02-01 12:05:41,41110.429,1
224736134,2026-02-01 12:30:19,3383.691,1
224735787,2026-02-01 12:15:03,20521.116,1
224735979,2026-02-01 12:29:43,3292.404,1
224735232,2026-02-01 12:04:54,43532.549,1
224735781,2026-02-01 12:15:02,21176.488,1
224735386,2026-02-01 12:05:35,25315.479,1
224735374,2026-02-01 12:05:30,42600.96,1
224735844,2026-02-01 12:15:18,17839.158,1
224735350,2026-02-01 12:05:23,33148.8,1
224735234,2026-02-01 12:04:54,46914.382,1
224735409,2026-02-01 12:05:43,41461.362,1
224735418,2026-02-01 12:05:48,41588.568,1
224735451,2026-02-01 12:09:46,38152.998,1
224735583,2026-02-01 12:10:17,23917.551,1
224735412,2026-02-01 12:05:44,31893.972,1
224735352,2026-02-01 12:05:25,35319.09,1
224735415,2026-02-01 12:05:46,24850.556,1
224735573,2026-02-01 12:10:14,24639.41,1
224735759,2026-02-01 12:14:57,15117.804,1
224736168,2026-02-01 12:30:34,2559.84,1
224735275,2026-02-01 12:05:05,34949.189,1
224735512,2026-02-01 12:10:01,36291.267,1
224735221,2026-02-01 12:04:51,33761.97,1
224735560,2026-02-01 12:10:12,24352.236,1
224735326,2026-02-01 12:05:18,43315.008,1
224735343,2026-02-01 12:05:22,41971.98,1
224735753,2026-02-01 12:14:56,15122.316,1
224735242,2026-02-01 12:04:57,36574.5,1
224735603,2026-02-01 12:10:21,18403.515,1
224736011,2026-02-01 12:29:51,8274.42,1
224735378,2026-02-01 12:05:33,41832.036,1
224735823,2026-02-01 12:15:11,12448.373,1
224735323,2026-02-01 12:05:16,42175.81,1
224735491,2026-02-01 12:09:56,36001.479,1
224735394,2026-02-01 12:05:37,42235.186,1
224736003,2026-02-01 12:29:48,8429.525,1
224736013,2026-02-01 12:29:51,7726.05,1
224735768,2026-02-01 12:14:59,14164.517,1
224735708,2026-02-01 12:14:45,19684.224,1
224735981,2026-02-01 12:29:43,8020.26,1
224736044,2026-02-01 12:29:58,3208.19,1
224735828,2026-02-01 12:15:13,15724.088,1
224735545,2026-02-01 12:10:08,24772.88,1
224735607,2026-02-01 12:10:22,21060.189,1
224735794,2026-02-01 12:15:04,20265.084,1
224735388,2026-02-01 12:05:35,41723.982,1
224735401,2026-02-01 12:05:40,40053.768,1
224735719,2026-02-01 12:14:48,22074.379,1
224736010,2026-02-01 12:29:51,8122.356,1
224735534,2026-02-01 12:10:06,33811.718,1
224735983,2026-02-01 12:29:43,7514.924,1
224735657,2026-02-01 12:10:37,19120.92,1
224735218,2026-02-01 12:04:49,38236.05,1
224735261,2026-02-01 12:05:00,39794.704,1
224735814,2026-02-01 12:15:09,13299.066,1
224736059,2026-02-01 12:30:01,7807.38,1
224736057,2026-02-01 12:30:01,7740.864,1
224736071,2026-02-01 12:30:05,7828.717,1
224735195,2026-02-01 12:04:43,38819.586,1
224735419,2026-02-01 12:05:48,42200.307,1
224735408,2026-02-01 12:05:42,42802.005,1
224735650,2026-02-01 12:10:34,20541.508,1
224735584,2026-02-01 12:10:17,24574.672,1
224732420,2026-02-01 10:39:53,125969.588,1
224735254,2026-02-01 12:05:00,33548.412,1
224736002,2026-02-01 12:29:48,6316.336,1
224736007,2026-02-01 12:29:50,8332.03,1
224736045,2026-02-01 12:29:58,6817.644,1
224736154,2026-02-01 12:30:26,9544.808,1
224735328,2026-02-01 12:05:18,42964.48,1
224736143,2026-02-01 12:30:21,7910.797,1
224735179,2026-02-01 12:00:26,40205.61,1
224736086,2026-02-01 12:30:08,5919.651,1
224735358,2026-02-01 12:05:25,50829.402,1
224736065,2026-02-01 12:30:03,9070.962,1
224735754,2026-02-01 12:14:56,13528.515,1
224735219,2026-02-01 12:04:49,43308.292,1
224735429,2026-02-01 12:05:55,27728.988,1
224736135,2026-02-01 12:30:19,8048.769,1
224735183,2026-02-01 12:00:28,30201.864,1
224735613,2026-02-01 12:10:24,26278.884,1
224736077,2026-02-01 12:30:06,8229.533,1
224736012,2026-02-01 12:29:51,6884.103,1
224735424,2026-02-01 12:05:50,31348.065,1
224735686,2026-02-01 12:10:58,22083.952,1
224735486,2026-02-01 12:09:54,35869.834,1
224735420,2026-02-01 12:05:48,43148.8,1
224736182,2026-02-01 12:34:43,1915.68,1
224736029,2026-02-01 12:29:55,6549.789,1
224735690,2026-02-01 12:11:02,15499.2,1
224735431,2026-02-01 12:05:59,29468.64,1
224735993,2026-02-01 12:29:46,6715.942,1
224735982,2026-02-01 12:29:43,10932.846,1
224735797,2026-02-01 12:15:05,15110.96,1
224736202,2026-02-01 12:34:51,2473.488,1
224736067,2026-02-01 12:30:03,6942.45,1
224736120,2026-02-01 12:30:15,6649.856,1
224735513,2026-02-01 12:10:01,22930.631,1
224736176,2026-02-01 12:34:43,3004.012,1
224736076,2026-02-01 12:30:05,6612.373,1
224736099,2026-02-01 12:30:10,7617.33,1
224736028,2026-02-01 12:29:55,6432.45,1
224735996,2026-02-01 12:29:47,7164.801,1
224736174,2026-02-01 12:34:43,2966.52,1
224735291,2026-02-01 12:05:08,52837.848,1
224736191,2026-02-01 12:34:48,2300.82,1
224736175,2026-02-01 12:34:43,3327.984,1
224735125,2026-02-01 12:00:08,37174.404,1
224735833,2026-02-01 12:15:14,16479.021,1
224736196,2026-02-01 12:34:48,1971.135,1
224736184,2026-02-01 12:34:46,2210.907,1
224736187,2026-02-01 12:34:46,3343.906,1
224735289,2026-02-01 12:05:08,34645.26,1
224735614,2026-02-01 12:10:24,28106.958,1
224735722,2026-02-01 12:14:48,16884.036,1
224735363,2026-02-01 12:05:28,36710.0,1
224735556,2026-02-01 12:10:10,23890.706,1
224735623,2026-02-01 12:10:26,35857.066,1
224736085,2026-02-01 12:30:08,7241.52,1
224735765,2026-02-01 12:14:58,19605.052,1
224735728,2026-02-01 12:14:50,18903.654,1
224735177,2026-02-01 12:00:24,36397.504,1
224735215,2026-02-01 12:04:48,36610.797,1
224735206,2026-02-01 12:04:46,33519.927,1
224735783,2026-02-01 12:15:02,18525.686,1
224735143,2026-02-01 12:00:13,42533.12,1
224735153,2026-02-01 12:00:15,34737.36,1
224735305,2026-02-01 12:05:13,31523.8,1
224735276,2026-02-01 12:05:05,31885.065,1
224735563,2026-02-01 12:10:12,21949.004,1
224735130,2026-02-01 12:00:10,37222.4,1
224735644,2026-02-01 12:10:32,22519.256,1
224735586,2026-02-01 12:10:17,27101.595,1
224736080,2026-02-01 12:30:06,19725.886,1
224735250,2026-02-01 12:04:57,32370.51,1
224736212,2026-02-01 12:39:43,2428.928,1
224736208,2026-02-01 12:39:43,2275.038,1
224736209,2026-02-01 12:39:43,1976.436,1
224736214,2026-02-01 12:39:43,2069.284,1
224736225,2026-02-01 12:39:46,2438.696,1
224736233,2026-02-01 12:39:48,1900.08,1
224736115,2026-02-01 12:30:14,20694.828,1
224736267,2026-02-01 12:39:56,2245.203,1
224736295,2026-02-01 12:40:02,2038.92,1
224736278,2026-02-01 12:39:58,1870.68,1
224736254,2026-02-01 12:39:53,1933.54,1
224736018,2026-02-01 12:29:53,21455.225,1
224736091,2026-02-01 12:30:09,18255.416,1
224736216,2026-02-01 12:39:45,2517.504,1
224736246,2026-02-01 12:39:51,2506.105,1
224736275,2026-02-01 12:39:58,2007.546,1
224736217,2026-02-01 12:39:45,2122.23,1
224736239,2026-02-01 12:39:50,2485.248,1
224736220,2026-02-01 12:39:46,2600.682,1
224735625,2026-02-01 12:10:26,26128.851,1
224736222,2026-02-01 12:39:46,2490.026,1
224736257,2026-02-01 12:39:54,2468.2,1
224736242,2026-02-01 12:39:51,1933.065,1
224736236,2026-02-01 12:39:49,1723.296,1
224735578,2026-02-01 12:10:16,23186.026,1
224736234,2026-02-01 12:39:48,2816.033,1
224736328,2026-02-01 12:40:10,2654.892,1
224736277,2026-02-01 12:39:58,1824.48,1
224736306,2026-02-01 12:40:04,2555.66,1
224736284,2026-02-01 12:40:00,2238.702,1
224736249,2026-02-01 12:39:52,1678.184,1
224736255,2026-02-01 12:39:53,1823.283,1
224736247,2026-02-01 12:39:51,1906.765,1
224736292,2026-02-01 12:40:02,2474.041,1
224736210,2026-02-01 12:39:43,1867.977,1
224736243,2026-02-01 12:39:51,1847.769,1
224736235,2026-02-01 12:39:48,2206.368,1
224736228,2026-02-01 12:39:48,2462.97,1
224736334,2026-02-01 12:40:11,1873.508,1
224736244,2026-02-01 12:39:51,1819.82,1
224736302,2026-02-01 12:40:04,2113.54,1
224736265,2026-02-01 12:39:55,1953.404,1
224736006,2026-02-01 12:29:49,19060.782,1
224736147,2026-02-01 12:30:22,20144.106,1
224735154,2026-02-01 12:00:15,39300.855,1
224736140,2026-02-01 12:30:20,20365.072,1
224736340,2026-02-01 12:40:13,2654.196,1
224736353,2026-02-01 12:40:22,2662.612,1
224736108,2026-02-01 12:30:12,20915.67,1
224736309,2026-02-01 12:40:05,2129.985,1
224736100,2026-02-01 12:30:10,16470.138,1
224736354,2026-02-01 12:40:22,1841.214,1
224736224,2026-02-01 12:39:46,2065.392,1
224736336,2026-02-01 12:40:12,1929.482,1
224736223,2026-02-01 12:39:46,1834.222,1
224736349,2026-02-01 12:40:17,2221.632,1
224736112,2026-02-01 12:30:13,17407.92,1
224736097,2026-02-01 12:30:10,17407.908,1
224736159,2026-02-01 12:30:28,21769.792,1
224736132,2026-02-01 12:30:18,22274.606,1
224736319,2026-02-01 12:40:07,2082.598,1
224736050,2026-02-01 12:30:00,18829.342,1
224736119,2026-02-01 12:30:15,21876.3,1
224736084,2026-02-01 12:30:07,20015.312,1
224736023,2026-02-01 12:29:53,14017.311,1
224735990,2026-02-01 12:29:46,21408.82,1
224736106,2026-02-01 12:30:12,29050.824,1
224735299,2026-02-01 12:05:10,37278.696,1
224736025,2026-02-01 12:29:54,20128.911,1
224736164,2026-02-01 12:30:30,17665.84,1
224736031,2026-02-01 12:29:56,16108.288,1
224735268,2026-02-01 12:05:02,35653.964,1
224736033,2026-02-01 12:29:56,15787.53,1
224736043,2026-02-01 12:29:58,22299.84,1
224732493,2026-02-01 10:44:45,134564.65,1
224736070,2026-02-01 12:30:04,16565.954,1
224736034,2026-02-01 12:29:56,18105.554,1
224736039,2026-02-01 12:29:57,21787.068,1
224736069,2026-02-01 12:30:04,18849.626,1
224736129,2026-02-01 12:30:17,22499.664,1
224736280,2026-02-01 12:39:59,6354.256,1
224736155,2026-02-01 12:30:26,22140.3,1
224736019,2026-02-01 12:29:53,25723.056,1
224736298,2026-02-01 12:40:02,7910.421,1
224736114,2026-02-01 12:30:14,22406.502,1
224736248,2026-02-01 12:39:52,7806.182,1
224735999,2026-02-01 12:29:48,15951.53,1
224736307,2026-02-01 12:40:05,7905.98,1
224736066,2026-02-01 12:30:03,17513.3,1
224736317,2026-02-01 12:40:07,6574.152,1
224735325,2026-02-01 12:05:17,36721.44,1
224736305,2026-02-01 12:40:04,8292.7,1
224736303,2026-02-01 12:40:04,7882.128,1
224736253,2026-02-01 12:39:53,9900.222,1
224736477,2026-02-01 12:45:11,56.109,1
224735248,2026-02-01 12:04:57,39142.62,1
224735410,2026-02-01 12:05:44,36478.4,1
224736350,2026-02-01 12:40:18,6589.968,1
224735210,2026-02-01 12:04:46,37026.489,1
224736286,2026-02-01 12:40:00,8487.01,1
224736261,2026-02-01 12:39:55,6384.366,1
224736330,2026-02-01 12:40:10,6705.027,1
224736326,2026-02-01 12:40:09,8727.194,1
224736116,2026-02-01 12:30:15,22090.77,1
224736141,2026-02-01 12:30:20,16397.716,1
224736323,2026-02-01 12:40:08,8461.23,1
224736376,2026-02-01 12:44:46,2128.456,1
224736068,2026-02-01 12:30:04,15905.447,1
224736293,2026-02-01 12:40:02,8507.2,1
224736366,2026-02-01 12:44:43,2252.946,1
224736250,2026-02-01 12:39:53,8500.44,1
224736316,2026-02-01 12:40:06,8592.21,1
224736272,2026-02-01 12:39:57,6671.252,1
224736318,2026-02-01 12:40:07,6896.364,1
224736238,2026-02-01 12:39:50,8267.192,1
224736322,2026-02-01 12:40:08,8186.731,1
224736042,2026-02-01 12:29:58,17416.526,1
224736377,2026-02-01 12:44:47,2359.8,1
224735361,2026-02-01 12:05:28,38583.6,1
224735266,2026-02-01 12:05:02,37870.938,1
224736373,2026-02-01 12:44:46,3312.368,1
224736395,2026-02-01 12:44:51,2028.375,1
224736332,2026-02-01 12:40:11,6569.472,1
224736352,2026-02-01 12:40:20,6113.528,1
224736396,2026-02-01 12:44:51,2599.038,1
224736074,2026-02-01 12:30:05,29935.136,1
224736465,2026-02-01 12:45:07,2085.552,1
224736387,2026-02-01 12:44:49,2631.052,1
224736375,2026-02-01 12:44:46,1947.88,1
224736374,2026-02-01 12:44:46,3530.406,1
224736378,2026-02-01 12:44:48,1931.688,1
224736453,2026-02-01 12:45:05,2346.68,1
224736372,2026-02-01 12:44:46,2954.04,1
224736365,2026-02-01 12:44:43,2644.908,1
224736417,2026-02-01 12:44:56,2219.865,1
224736403,2026-02-01 12:44:53,2762.76,1
224736441,2026-02-01 12:45:02,2246.062,1
224736429,2026-02-01 12:44:59,2240.81,1
224736398,2026-02-01 12:44:52,2623.322,1
224736452,2026-02-01 12:45:04,2081.25,1
224736418,2026-02-01 12:44:56,3061.162,1
224735255,2026-02-01 12:05:00,39023.824,1
224736496,2026-02-01 12:45:16,2035.75,1
224736276,2026-02-01 12:39:58,6659.384,1
224736463,2026-02-01 12:45:07,2238.465,1
224736471,2026-02-01 12:45:09,2609.258,1
224736501,2026-02-01 12:45:19,2464.674,1
224736476,2026-02-01 12:45:10,2966.018,1
224736282,2026-02-01 12:39:59,6423.2,1
224736426,2026-02-01 12:44:58,2275.344,1
224736484,2026-02-01 12:45:12,2657.952,1
224736437,2026-02-01 12:45:01,1873.902,1
224736474,2026-02-01 12:45:10,1991.432,1
224736017,2026-02-01 12:29:52,28281.975,1
224736495,2026-02-01 12:45:16,2656.808,1
224736333,2026-02-01 12:40:11,6792.174,1
224736001,2026-02-01 12:29:48,33038.362,1
224736022,2026-02-01 12:29:53,25146.059,1
224735976,2026-02-01 12:29:43,27867.191,1
224735298,2026-02-01 12:05:10,40965.21,1
224736291,2026-02-01 12:40:01,7200.092,1
224706274,2026-02-01 00:20:08,819196.888,1
224735974,2026-02-01 12:29:43,34875.31,1
224736030,2026-02-01 12:29:56,29004.118,1
224736337,2026-02-01 12:40:12,7238.83,1
224736063,2026-02-01 12:30:03,31281.306,1
224736358,2026-02-01 12:44:43,7721.05,1
224736380,2026-02-01 12:44:48,7614.306,1
224736367,2026-02-01 12:44:45,8127.358,1
224736420,2026-02-01 12:44:58,6834.176,1
224735987,2026-02-01 12:29:46,34472.308,1
224736439,2026-02-01 12:45:01,7255.53,1
224736381,2026-02-01 12:44:48,7240.065,1
224736021,2026-02-01 12:29:53,33479.376,1
224736368,2026-02-01 12:44:45,7456.071,1
224736401,2026-02-01 12:44:53,6242.43,1
224736379,2026-02-01 12:44:48,8053.948,1
224736410,2026-02-01 12:44:55,5346.911,1
224736390,2026-02-01 12:44:51,6918.472,1
224736523,2026-02-01 12:49:43,816.615,1
224736048,2026-02-01 12:29:59,28314.846,1
224736392,2026-02-01 12:44:51,5811.832,1
224736464,2026-02-01 12:45:07,8012.964,1
224736172,2026-02-01 12:30:42,19327.56,1
224736486,2026-02-01 12:45:13,6424.875,1
224736430,2026-02-01 12:45:00,7216.8,1
224736542,2026-02-01 12:49:47,610.054,1
224736560,2026-02-01 12:49:50,742.71,1
224736546,2026-02-01 12:49:48,817.243,1
224736538,2026-02-01 12:49:46,940.42,1
224736000,2026-02-01 12:29:48,35823.456,1
224736580,2026-02-01 12:49:55,650.1,1
224736130,2026-02-01 12:30:18,37063.314,1
224736126,2026-02-01 12:30:17,35424.096,1
224736428,2026-02-01 12:44:58,8149.055,1
224736559,2026-02-01 12:49:50,678.96,1
224736592,2026-02-01 12:49:58,805.777,1
224736423,2026-02-01 12:44:58,5884.088,1
224736575,2026-02-01 12:49:54,748.668,1
224736548,2026-02-01 12:49:48,880.261,1
224736564,2026-02-01 12:49:52,916.416,1
224736588,2026-02-01 12:49:57,792.902,1
224736537,2026-02-01 12:49:45,762.968,1
224736567,2026-02-01 12:49:53,604.515,1
224736591,2026-02-01 12:49:57,631.512,1
224736040,2026-02-01 12:29:58,29403.25,1
224736446,2026-02-01 12:45:03,5807.834,1
224736563,2026-02-01 12:49:51,818.064,1
224736647,2026-02-01 12:50:10,884.732,1
224736642,2026-02-01 12:50:09,878.426,1
224736621,2026-02-01 12:50:04,868.054,1
224736622,2026-02-01 12:50:04,740.623,1
224736098,2026-02-01 12:30:10,31099.904,1
224736015,2026-02-01 12:29:51,33284.025,1
224736617,2026-02-01 12:50:03,850.86,1
224736632,2026-02-01 12:50:06,641.592,1
224735966,2026-02-01 12:25:03,29748.42,1
224736469,2026-02-01 12:45:09,9712.657,1
224736604,2026-02-01 12:50:00,845.614,1
224736645,2026-02-01 12:50:09,726.6,1
224736603,2026-02-01 12:50:00,718.805,1
224736590,2026-02-01 12:49:57,872.072,1
224736152,2026-02-01 12:30:25,18608.565,1
224736466,2026-02-01 12:45:07,7773.282,1
224736576,2026-02-01 12:49:55,670.596,1
224736167,2026-02-01 12:30:32,30881.723,1
224736581,2026-02-01 12:49:55,717.688,1
224736545,2026-02-01 12:49:48,726.051,1
224736644,2026-02-01 12:50:09,1181.291,1
224736608,2026-02-01 12:50:01,1163.484,1
224736455,2026-02-01 12:45:05,5232.96,1
224736614,2026-02-01 12:50:02,828.187,1
224736671,2026-02-01 12:50:16,631.18,1
224736583,2026-02-01 12:49:55,687.2,1
224736658,2026-02-01 12:50:13,805.392,1
224736657,2026-02-01 12:50:12,817.608,1
224736664,2026-02-01 12:50:14,526.785,1
224736677,2026-02-01 12:50:22,821.61,1
224736037,2026-02-01 12:29:56,34728.624,1
224736169,2026-02-01 12:30:36,33925.035,1
224736088,2026-02-01 12:30:08,46480.807,1
224736615,2026-02-01 12:50:03,659.808,1
224736683,2026-02-01 12:50:34,1320.444,1
224736659,2026-02-01 12:50:13,1525.108,1
224736676,2026-02-01 12:50:20,678.768,1
224736636,2026-02-01 12:50:07,1260.6,1
224736027,2026-02-01 12:29:54,27662.396,1
224736407,2026-02-01 12:44:53,6317.946,1
224735260,2026-02-01 12:05:00,33625.28,1
224736606,2026-02-01 12:50:01,5058.805,1
224736525,2026-02-01 12:49:43,5221.58,1
224736079,2026-02-01 12:30:06,22877.92,1
224736524,2026-02-01 12:49:43,5329.68,1
224736607,2026-02-01 12:50:01,4639.642,1
224736589,2026-02-01 12:49:57,4565.418,1
224735991,2026-02-01 12:29:46,36821.742,1
224736533,2026-02-01 12:49:45,4330.716,1
224736544,2026-02-01 12:49:48,4612.701,1
224736535,2026-02-01 12:49:45,4647.376,1
224736549,2026-02-01 12:49:48,4959.864,1
224736597,2026-02-01 12:49:59,4868.312,1
224736594,2026-02-01 12:49:58,5228.496,1
224736587,2026-02-01 12:49:57,5730.678,1
224736552,2026-02-01 12:49:49,4195.368,1
224736562,2026-02-01 12:49:51,4149.194,1
224736554,2026-02-01 12:49:50,4668.226,1
224736628,2026-02-01 12:50:06,4769.1,1
224736656,2026-02-01 12:50:12,4469.488,1
224736578,2026-02-01 12:49:55,5139.288,1
224736600,2026-02-01 12:50:00,5357.712,1
224736522,2026-02-01 12:49:43,4235.0,1
224736610,2026-02-01 12:50:02,5172.535,1
224736550,2026-02-01 12:49:48,5104.638,1
224736553,2026-02-01 12:49:49,3843.198,1
224736637,2026-02-01 12:50:07,4990.163,1
224736556,2026-02-01 12:49:50,5050.368,1
224736585,2026-02-01 12:49:56,3996.318,1
224736609,2026-02-01 12:50:02,6059.229,1
224736551,2026-02-01 12:49:48,4131.84,1
224736611,2026-02-01 12:50:02,5155.326,1
224736557,2026-02-01 12:49:50,5147.36,1
224736595,2026-02-01 12:49:58,4778.4,1
224736598,2026-02-01 12:49:59,3234.695,1
224736547,2026-02-01 12:49:48,4877.488,1
224736532,2026-02-01 12:49:45,4813.68,1
224736565,2026-02-01 12:49:52,8111.246,1
224736566,2026-02-01 12:49:52,4810.17,1
224736682,2026-02-01 12:50:32,6971.065,1
224736570,2026-02-01 12:49:53,5170.583,1
224736082,2026-02-01 12:30:07,28432.834,1
224736639,2026-02-01 12:50:08,4338.792,1
224736653,2026-02-01 12:50:11,5040.88,1
224736032,2026-02-01 12:29:56,30888.54,1
224736577,2026-02-01 12:49:55,4383.559,1
224736734,2026-02-01 12:54:54,1215.214,1
224736714,2026-02-01 12:54:50,1163.249,1
224736053,2026-02-01 12:30:01,32288.515,1
224736687,2026-02-01 12:54:43,1262.142,1
224736686,2026-02-01 12:54:43,1328.012,1
224736701,2026-02-01 12:54:46,1819.053,1
224736782,2026-02-01 12:55:04,1234.035,1
224736729,2026-02-01 12:54:53,1128.96,1
224736728,2026-02-01 12:54:53,1179.565,1
224736696,2026-02-01 12:54:46,1383.03,1
224736695,2026-02-01 12:54:46,1317.893,1
224736754,2026-02-01 12:54:58,1279.608,1
224736770,2026-02-01 12:55:02,1224.312,1
224736231,2026-02-01 12:39:48,28436.065,1
224736792,2026-02-01 12:55:06,976.5,1
224736171,2026-02-01 12:30:40,43773.093,1
224736324,2026-02-01 12:40:08,29395.848,1
224736790,2026-02-01 12:55:06,1382.77,1
224736803,2026-02-01 12:55:09,1092.08,1
224736781,2026-02-01 12:55:04,1184.326,1
224736783,2026-02-01 12:55:04,930.03,1
224736780,2026-02-01 12:55:04,1323.712,1
224736117,2026-02-01 12:30:15,36770.88,1
224736820,2026-02-01 12:55:12,1305.612,1
224736817,2026-02-01 12:55:12,1330.035,1
224736846,2026-02-01 12:55:18,1232.23,1
224736866,2026-02-01 12:55:22,119.175,1
224736036,2026-02-01 12:29:56,41871.855,1
224736711,2026-02-01 12:54:48,1741.828,1
224736740,2026-02-01 12:54:55,1335.758,1
224736799,2026-02-01 12:55:08,1282.138,1
224735956,2026-02-01 12:24:58,30884.3,1
224736245,2026-02-01 12:39:51,31546.236,1
224736870,2026-02-01 12:55:23,1313.28,1
224736775,2026-02-01 12:55:02,1055.718,1
224736879,2026-02-01 12:55:25,1188.711,1
224736756,2026-02-01 12:54:59,993.232,1
224736858,2026-02-01 12:55:20,1105.56,1
224736124,2026-02-01 12:30:17,38135.28,1
224736673,2026-02-01 12:50:17,6174.272,1
224736883,2026-02-01 12:55:26,1341.51,1
224736848,2026-02-01 12:55:18,1399.486,1
224736206,2026-02-01 12:39:43,24945.711,1
224736868,2026-02-01 12:55:23,1310.478,1
224736931,2026-02-01 12:55:36,988.482,1
224736219,2026-02-01 12:39:46,27047.34,1
224736867,2026-02-01 12:55:22,1453.525,1
224736896,2026-02-01 12:55:29,1466.85,1
224736310,2026-02-01 12:40:05,31603.859,1
